commit 23f83338e51d247f93f89d2a17205a1355e1cd5e
Author: Zeliper <Zeliper@users.noreply.github.com>
Date:   Wed Jan 14 09:03:52 2026 +0900

    Refactor scripts 013-022 to use core module

diff --git a/ps_scripts/006.software_install.ps1 b/ps_scripts/006.software_install.ps1
index 18762cd..7306aef 100644
--- a/ps_scripts/006.software_install.ps1
+++ b/ps_scripts/006.software_install.ps1
@@ -1,1119 +1,258 @@
-# 필수 소프트웨어 자동 설치 (Notepad++, Chrome, 7-Zip, ShareX, Honeyview, PotPlayer, Everything)
-# 관리자 권한으로 실행 필요
+# Windows 11 Software Installation Script
+# Refactored to use core.ps1
 
 #Requires -RunAsAdministrator
 
-# 스크립트 버전
-$scriptVersion = "1.1.2"
-$scriptName = "006.software_install.ps1"
-
-# UTF-8 인코딩 설정 (irm | iex 실행 시 한글 출력용)
-[Console]::OutputEncoding = [System.Text.Encoding]::UTF8
-$OutputEncoding = [System.Text.Encoding]::UTF8
-chcp 65001 | Out-Null
-
-# Orchestrate 모드 확인
-if ($null -eq $global:OrchestrateMode) {
-    $global:OrchestrateMode = $false
-}
-
-# 다운로드 속도 개선 (진행률 표시 비활성화)
-$ProgressPreference = 'SilentlyContinue'
-
-# ===== 로깅 시스템 =====
-$logFileName = "Windows11Optimizer_006_$(Get-Date -Format 'yyyyMMdd_HHmmss').log"
-$logDir = Join-Path ([Environment]::GetFolderPath('MyDocuments')) "windows11-optimization-logs"
-if (-not (Test-Path $logDir)) { New-Item -Path $logDir -ItemType Directory -Force | Out-Null }
-$global:LogFilePath = Join-Path $logDir $logFileName
-$global:LogEntries = [System.Collections.ArrayList]@()
-$global:InstalledCount = 0
-$global:SkippedCount = 0
-$global:FailedCount = 0
-
-function Write-OptLog {
-    param(
-        [string]$Step,
-        [string]$Status,
-        [string]$Message,
-        [string]$PreviousValue = "",
-        [string]$NewValue = ""
-    )
-
-    $entry = [PSCustomObject]@{
-        Timestamp = Get-Date -Format "HH:mm:ss"
-        Step = $Step
-        Status = $Status
-        Message = $Message
-        PreviousValue = $PreviousValue
-        NewValue = $NewValue
-    }
-
-    [void]$global:LogEntries.Add($entry)
-
-    switch ($Status) {
-        "설치됨" { $global:InstalledCount++ }
-        "스킵됨" { $global:SkippedCount++ }
-        "실패" { $global:FailedCount++ }
-    }
+# Load Core Module
+$corePath = Join-Path $PSScriptRoot "core.ps1"
+if (Test-Path $corePath) {
+    . $corePath
+} else {
+    Write-Warning "Core module not found at $corePath."
 }
 
-function Save-OptLog {
-    $logContent = @"
-================================================================================
-Windows 11 Optimization Log - Software Install
-================================================================================
-실행 시간: $(Get-Date -Format "yyyy-MM-dd HH:mm:ss")
-스크립트: $scriptName v$scriptVersion
-================================================================================
-
-================================================================================
-단계별 결과
-================================================================================
+Init-OptimizationLog -ScriptName "006.software_install.ps1" -ScriptVersion "1.2.0"
 
-"@
-
-    foreach ($entry in $global:LogEntries) {
-        $logContent += "[$($entry.Timestamp)] [$($entry.Step)]`n"
-        $logContent += "  상태: $($entry.Status)`n"
-        $logContent += "  내용: $($entry.Message)`n"
-        if ($entry.PreviousValue) {
-            $logContent += "  이전값: $($entry.PreviousValue)`n"
-        }
-        if ($entry.NewValue) {
-            $logContent += "  새값: $($entry.NewValue)`n"
-        }
-        $logContent += "`n"
-    }
-
-    $logContent += @"
-================================================================================
-Summary
-================================================================================
-총 항목: $($global:InstalledCount + $global:SkippedCount + $global:FailedCount)
-설치됨: $global:InstalledCount
-스킵됨: $global:SkippedCount (이미 설치됨)
-실패: $global:FailedCount
-
-로그 파일: $global:LogFilePath
-================================================================================
-"@
-
-    $logContent | Set-Content -Path $global:LogFilePath -Encoding UTF8
-}
-
-# ===== 소프트웨어 체크 함수 =====
+# --- Helper Functions ---
 function Test-SoftwareInstalled {
     param(
         [string]$Name,
         [string[]]$Paths,
         [string]$WingetId = ""
     )
-
-    # 경로 체크
     foreach ($path in $Paths) {
-        if (Test-Path $path) {
-            return $true
-        }
+        if (Test-Path $path) { return $true }
     }
-
-    # winget 체크
     if ($WingetId) {
         $wingetResult = winget list --id $WingetId 2>$null
-        if ($LASTEXITCODE -eq 0 -and $wingetResult -notmatch "No installed package") {
-            return $true
-        }
+        if ($LASTEXITCODE -eq 0 -and $wingetResult -notmatch "No installed package") { return $true }
     }
-
     return $false
 }
 
-# 파일 연결이 특정 ProgId로 설정되어 있는지 확인하는 함수
 function Test-FileAssociation {
-    param(
-        [string]$Extension,
-        [string]$ExpectedProgId
-    )
-
-    # UserChoice에서 현재 연결된 ProgId 확인
-    $userChoicePath = "HKCU:\SOFTWARE\Microsoft\Windows\CurrentVersion\Explorer\FileExts\$Extension\UserChoice"
-    $currentProgId = (Get-ItemProperty -Path $userChoicePath -Name "ProgId" -ErrorAction SilentlyContinue).ProgId
-
-    if ($currentProgId -and $currentProgId -like "*$ExpectedProgId*") {
-        return $true
-    }
-    return $false
+    param([string]$Extension, [string]$ExpectedProgId)
+    $path = "HKCU:\SOFTWARE\Microsoft\Windows\CurrentVersion\Explorer\FileExts\$Extension\UserChoice"
+    $curr = (Get-ItemProperty -Path $path -Name "ProgId" -ErrorAction SilentlyContinue).ProgId
+    return ($curr -and $curr -like "*$ExpectedProgId*")
 }
 
-# URL 프로토콜 연결 확인 함수
-function Test-ProtocolAssociation {
-    param(
-        [string]$Protocol,
-        [string]$ExpectedProgId
-    )
-
-    $userChoicePath = "HKCU:\SOFTWARE\Microsoft\Windows\Shell\Associations\UrlAssociations\$Protocol\UserChoice"
-    $currentProgId = (Get-ItemProperty -Path $userChoicePath -Name "ProgId" -ErrorAction SilentlyContinue).ProgId
-
-    if ($currentProgId -and $currentProgId -like "*$ExpectedProgId*") {
-        return $true
-    }
-    return $false
-}
-
-Write-Host "=== 필수 소프트웨어 자동 설치 v$scriptVersion ===" -ForegroundColor Cyan
-Write-Host "Notepad++, Chrome, 7-Zip, ShareX, Honeyview, PotPlayer, Everything을 자동으로 설치합니다." -ForegroundColor White
-Write-Host ""
-
 $tempDir = $env:TEMP
-
-# [1/21] Notepad++ 설치 (winget - GitHub API rate limit 회피)
-Write-Host "[1/21] Notepad++ 설치 중 (winget)..." -ForegroundColor Yellow
-$nppPaths = @(
-    "${env:ProgramFiles}\Notepad++\notepad++.exe",
-    "${env:ProgramFiles(x86)}\Notepad++\notepad++.exe"
-)
-if (Test-SoftwareInstalled -Name "Notepad++" -Paths $nppPaths -WingetId "Notepad++.Notepad++") {
-    Write-Host "  - Notepad++ : 이미 설치됨 (스킵)" -ForegroundColor Gray
-    Write-OptLog -Step "Notepad++ 설치" -Status "스킵됨" -Message "이미 설치됨"
-} else {
-    try {
-        $wingetResult = winget install Notepad++.Notepad++ --source winget --silent --accept-package-agreements --accept-source-agreements 2>&1
-        if ($LASTEXITCODE -eq 0 -or $wingetResult -match "already installed") {
-            Write-Host "  - Notepad++ : 설치됨 (적용됨)" -ForegroundColor Green
-            Write-OptLog -Step "Notepad++ 설치" -Status "설치됨" -Message "winget으로 설치 완료"
-        } else {
-            Write-Host "  - Notepad++ : 설치 실패" -ForegroundColor Red
-            Write-OptLog -Step "Notepad++ 설치" -Status "실패" -Message "$wingetResult"
-        }
-    } catch {
-        Write-Host "  - Notepad++ : 설치 실패 - $_" -ForegroundColor Red
-        Write-OptLog -Step "Notepad++ 설치" -Status "실패" -Message "$_"
-    }
-}
-
-# [2/21] Notepad++ 설치 확인
-Write-Host "[2/21] Notepad++ 설치 확인..." -ForegroundColor Yellow
-$nppPath = "${env:ProgramFiles}\Notepad++\notepad++.exe"
-if (Test-Path $nppPath) {
-    Write-Host "  - Notepad++ 설치 확인됨" -ForegroundColor Green
-} else {
-    Write-Host "  - Notepad++ 경로 없음 (설치 지연 가능)" -ForegroundColor Yellow
-}
-
-# [3/21] Chrome 다운로드 및 설치
-Write-Host "[3/21] Chrome 다운로드 중..." -ForegroundColor Yellow
-$chromePaths = @(
-    "${env:ProgramFiles}\Google\Chrome\Application\chrome.exe",
-    "${env:ProgramFiles(x86)}\Google\Chrome\Application\chrome.exe"
-)
-$chromeInstaller = $null
-if (Test-SoftwareInstalled -Name "Chrome" -Paths $chromePaths) {
-    Write-Host "  - Chrome : 이미 설치됨 (스킵)" -ForegroundColor Gray
-    Write-OptLog -Step "Chrome 다운로드" -Status "스킵됨" -Message "이미 설치됨"
-} else {
-    try {
-        $chromeUrl = "https://dl.google.com/dl/chrome/install/googlechromestandaloneenterprise64.msi"
-        $chromeInstaller = Join-Path $tempDir "chrome_installer.msi"
-        Invoke-WebRequest -Uri $chromeUrl -OutFile $chromeInstaller -UseBasicParsing
-        Write-Host "  - 다운로드 완료" -ForegroundColor Green
-    } catch {
-        Write-Host "  - 다운로드 실패: $_" -ForegroundColor Red
-        $chromeInstaller = $null
-        Write-OptLog -Step "Chrome 다운로드" -Status "실패" -Message "$_"
-    }
-}
-
-# [4/21] Chrome 설치
-Write-Host "[4/21] Chrome 설치 중..." -ForegroundColor Yellow
-if (Test-SoftwareInstalled -Name "Chrome" -Paths $chromePaths) {
-    Write-Host "  - Chrome : 이미 설치됨 (스킵)" -ForegroundColor Gray
-    Write-OptLog -Step "Chrome 설치" -Status "스킵됨" -Message "이미 설치됨"
-} elseif ($chromeInstaller -and (Test-Path $chromeInstaller)) {
-    try {
-        Start-Process msiexec -ArgumentList "/i `"$chromeInstaller`" /qn /norestart" -Wait -NoNewWindow
-        Remove-Item $chromeInstaller -Force -ErrorAction SilentlyContinue
-
-        # Chrome 기본 브라우저 확인 팝업 비활성화
-        $chromePolicyPath = "HKLM:\SOFTWARE\Policies\Google\Chrome"
-        if (-not (Test-Path $chromePolicyPath)) {
-            New-Item -Path $chromePolicyPath -Force | Out-Null
-        }
-        Set-ItemProperty -Path $chromePolicyPath -Name "DefaultBrowserSettingEnabled" -Value 0 -Type DWord -Force
-
-        Write-Host "  - Chrome : 설치됨 (기본 브라우저 확인 비활성화)" -ForegroundColor Green
-        Write-OptLog -Step "Chrome 설치" -Status "설치됨" -Message "MSI로 설치 완료"
-    } catch {
-        Write-Host "  - Chrome : 설치 실패 - $_" -ForegroundColor Red
-        Write-OptLog -Step "Chrome 설치" -Status "실패" -Message "$_"
-    }
-} else {
-    Write-Host "  - 건너뜀 (다운로드 실패)" -ForegroundColor Red
-}
-
-# [5/21] 7-Zip 다운로드 및 설치
-Write-Host "[5/21] 7-Zip 다운로드 중..." -ForegroundColor Yellow
-$sevenZipPaths = @(
-    "${env:ProgramFiles}\7-Zip\7z.exe",
-    "${env:ProgramFiles(x86)}\7-Zip\7z.exe"
-)
-$sevenZipInstaller = $null
-if (Test-SoftwareInstalled -Name "7-Zip" -Paths $sevenZipPaths) {
-    Write-Host "  - 7-Zip : 이미 설치됨 (스킵)" -ForegroundColor Gray
-    Write-OptLog -Step "7-Zip 다운로드" -Status "스킵됨" -Message "이미 설치됨"
-} else {
-    try {
-        $sevenZipUrl = "https://www.7-zip.org/a/7z2408-x64.msi"
-        $sevenZipInstaller = Join-Path $tempDir "7zip_installer.msi"
-        Invoke-WebRequest -Uri $sevenZipUrl -OutFile $sevenZipInstaller -UseBasicParsing
-        Write-Host "  - 다운로드 완료" -ForegroundColor Green
-    } catch {
-        Write-Host "  - 다운로드 실패: $_" -ForegroundColor Red
-        $sevenZipInstaller = $null
-        Write-OptLog -Step "7-Zip 다운로드" -Status "실패" -Message "$_"
-    }
-}
-
-# [6/21] 7-Zip 설치
-Write-Host "[6/21] 7-Zip 설치 중..." -ForegroundColor Yellow
-if (Test-SoftwareInstalled -Name "7-Zip" -Paths $sevenZipPaths) {
-    Write-Host "  - 7-Zip : 이미 설치됨 (스킵)" -ForegroundColor Gray
-    Write-OptLog -Step "7-Zip 설치" -Status "스킵됨" -Message "이미 설치됨"
-} elseif ($sevenZipInstaller -and (Test-Path $sevenZipInstaller)) {
-    try {
-        Start-Process msiexec -ArgumentList "/i `"$sevenZipInstaller`" /qn" -Wait -NoNewWindow
-        Remove-Item $sevenZipInstaller -Force -ErrorAction SilentlyContinue
-        Write-Host "  - 7-Zip : 설치됨 (적용됨)" -ForegroundColor Green
-        Write-OptLog -Step "7-Zip 설치" -Status "설치됨" -Message "MSI로 설치 완료"
-    } catch {
-        Write-Host "  - 7-Zip : 설치 실패 - $_" -ForegroundColor Red
-        Write-OptLog -Step "7-Zip 설치" -Status "실패" -Message "$_"
-    }
-} else {
-    Write-Host "  - 건너뜀 (다운로드 실패)" -ForegroundColor Red
-}
-
-# [7/21] ShareX 설치 (winget - GitHub API rate limit 회피)
-Write-Host "[7/21] ShareX 설치 중 (winget)..." -ForegroundColor Yellow
-$shareXPaths = @(
-    "${env:ProgramFiles}\ShareX\ShareX.exe"
-)
-if (Test-SoftwareInstalled -Name "ShareX" -Paths $shareXPaths -WingetId "ShareX.ShareX") {
-    Write-Host "  - ShareX : 이미 설치됨 (스킵)" -ForegroundColor Gray
-    Write-OptLog -Step "ShareX 설치" -Status "스킵됨" -Message "이미 설치됨"
-} else {
-    try {
-        $wingetResult = winget install ShareX.ShareX --source winget --silent --accept-package-agreements --accept-source-agreements 2>&1
-        if ($LASTEXITCODE -eq 0 -or $wingetResult -match "already installed") {
-            Write-Host "  - ShareX : 설치됨 (적용됨)" -ForegroundColor Green
-            Write-OptLog -Step "ShareX 설치" -Status "설치됨" -Message "winget으로 설치 완료"
-        } else {
-            Write-Host "  - ShareX : 설치 실패" -ForegroundColor Red
-            Write-OptLog -Step "ShareX 설치" -Status "실패" -Message "$wingetResult"
-        }
-    } catch {
-        Write-Host "  - ShareX : 설치 실패 - $_" -ForegroundColor Red
-        Write-OptLog -Step "ShareX 설치" -Status "실패" -Message "$_"
-    }
-}
-
-# [8/21] ShareX 설정 파일 적용 (업로드 기능 비활성화)
-Write-Host "[8/21] ShareX 설정 파일 적용 중..." -ForegroundColor Yellow
-$shareXConfigDir = "$env:USERPROFILE\Documents\ShareX"
-$shareXConfigPath = "$shareXConfigDir\ApplicationConfig.json"
-if (Test-Path $shareXConfigPath) {
-    Write-Host "  - ShareX 설정 : 이미 존재함 (스킵)" -ForegroundColor Gray
-    Write-OptLog -Step "ShareX 설정" -Status "스킵됨" -Message "설정 파일 이미 존재"
-} else {
-    try {
-        $shareXConfigUrl = "https://raw.githubusercontent.com/Zeliper/windows-11-optimization/main/Configs/ShareX/ApplicationConfig.json"
-
-        # 설정 디렉토리 생성
-        if (!(Test-Path $shareXConfigDir)) {
-            New-Item -Path $shareXConfigDir -ItemType Directory -Force | Out-Null
-        }
-
-        # 설정 파일 다운로드
-        Invoke-WebRequest -Uri $shareXConfigUrl -OutFile $shareXConfigPath -UseBasicParsing
-        Write-Host "  - ShareX 설정 : 적용됨 (업로드 비활성화)" -ForegroundColor Green
-        Write-OptLog -Step "ShareX 설정" -Status "설치됨" -Message "설정 파일 다운로드 완료"
-    } catch {
-        Write-Host "  - ShareX 설정 : 적용 실패 - $_" -ForegroundColor Red
-        Write-OptLog -Step "ShareX 설정" -Status "실패" -Message "$_"
-    }
-}
-
-# [9/21] ShareX 컨텍스트 메뉴 제거
-Write-Host "[9/21] ShareX 컨텍스트 메뉴 제거 중..." -ForegroundColor Yellow
-try {
-    # ShareX 컨텍스트 메뉴 레지스트리 키 삭제 (모든 파일용)
-    $contextMenuPaths = @(
-        "HKCR:\*\shell\ShareX",
-        "HKLM:\SOFTWARE\Classes\*\shell\ShareX",
-        "HKCU:\SOFTWARE\Classes\*\shell\ShareX",
-        # Directory 컨텍스트 메뉴
-        "HKCR:\Directory\shell\ShareX",
-        "HKLM:\SOFTWARE\Classes\Directory\shell\ShareX",
-        "HKCU:\SOFTWARE\Classes\Directory\shell\ShareX"
-    )
-
-    # HKCR 드라이브 생성 (없는 경우)
-    if (-not (Test-Path "HKCR:")) {
-        New-PSDrive -Name HKCR -PSProvider Registry -Root HKEY_CLASSES_ROOT -ErrorAction SilentlyContinue | Out-Null
-    }
-
-    $removedCount = 0
-    foreach ($path in $contextMenuPaths) {
-        if (Test-Path -LiteralPath $path) {
-            Remove-Item -LiteralPath $path -Recurse -Force -ErrorAction SilentlyContinue
-            $removedCount++
-        }
-    }
-
-    if ($removedCount -gt 0) {
-        Write-Host "  - ShareX 컨텍스트 메뉴 : 제거됨 ($removedCount개)" -ForegroundColor Green
-        Write-OptLog -Step "ShareX 컨텍스트 메뉴" -Status "설치됨" -Message "$removedCount개 경로 제거됨"
-    } else {
-        Write-Host "  - ShareX 컨텍스트 메뉴 : 이미 제거됨 (스킵)" -ForegroundColor Gray
-        Write-OptLog -Step "ShareX 컨텍스트 메뉴" -Status "스킵됨" -Message "이미 제거됨"
-    }
-} catch {
-    Write-Host "  - ShareX 컨텍스트 메뉴 : 제거 실패 - $_" -ForegroundColor Red
-    Write-OptLog -Step "ShareX 컨텍스트 메뉴" -Status "실패" -Message "$_"
-}
-
-# [10/21] ShareX 시작 시 트레이 모드 설정
-Write-Host "[10/21] ShareX 시작 프로그램 등록 중..." -ForegroundColor Yellow
-$shareXExe = "${env:ProgramFiles}\ShareX\ShareX.exe"
-$startupKey = "HKCU:\SOFTWARE\Microsoft\Windows\CurrentVersion\Run"
-$currentShareXStartup = (Get-ItemProperty -Path $startupKey -Name "ShareX" -ErrorAction SilentlyContinue).ShareX
-
-if (Test-Path $shareXExe) {
-    $expectedValue = "`"$shareXExe`" -silent"
-    if ($currentShareXStartup -eq $expectedValue) {
-        Write-Host "  - ShareX 시작 프로그램 : 이미 등록됨 (스킵)" -ForegroundColor Gray
-        Write-OptLog -Step "ShareX 시작 프로그램" -Status "스킵됨" -Message "이미 등록됨"
-    } else {
-        try {
-            Set-ItemProperty -Path $startupKey -Name "ShareX" -Value $expectedValue -Force
-            Write-Host "  - ShareX 시작 프로그램 : 등록됨 (트레이 모드)" -ForegroundColor Green
-            Write-OptLog -Step "ShareX 시작 프로그램" -Status "설치됨" -Message "트레이 모드로 등록됨"
-        } catch {
-            Write-Host "  - ShareX 시작 프로그램 : 등록 실패 - $_" -ForegroundColor Red
-            Write-OptLog -Step "ShareX 시작 프로그램" -Status "실패" -Message "$_"
-        }
-    }
-} else {
-    Write-Host "  - ShareX가 설치되지 않아 건너뜀" -ForegroundColor Yellow
-    Write-OptLog -Step "ShareX 시작 프로그램" -Status "스킵됨" -Message "ShareX 미설치"
-}
-
-# [11/21] Honeyview 설치 (winget)
-Write-Host "[11/21] Honeyview 설치 중 (winget)..." -ForegroundColor Yellow
-$honeyviewPaths = @(
-    "${env:ProgramFiles}\Honeyview\Honeyview.exe"
-)
-if (Test-SoftwareInstalled -Name "Honeyview" -Paths $honeyviewPaths -WingetId "Bandisoft.Honeyview") {
-    Write-Host "  - Honeyview : 이미 설치됨 (스킵)" -ForegroundColor Gray
-    Write-OptLog -Step "Honeyview 설치" -Status "스킵됨" -Message "이미 설치됨"
-} else {
-    try {
-        $wingetResult = winget install Bandisoft.Honeyview --source winget --silent --accept-package-agreements --accept-source-agreements 2>&1
-        if ($LASTEXITCODE -eq 0 -or $wingetResult -match "already installed") {
-            Write-Host "  - Honeyview : 설치됨 (적용됨)" -ForegroundColor Green
-            Write-OptLog -Step "Honeyview 설치" -Status "설치됨" -Message "winget으로 설치 완료"
-        } else {
-            Write-Host "  - Honeyview : 설치 실패" -ForegroundColor Red
-            Write-OptLog -Step "Honeyview 설치" -Status "실패" -Message "$wingetResult"
-        }
-    } catch {
-        Write-Host "  - Honeyview : 설치 실패 - $_" -ForegroundColor Red
-        Write-OptLog -Step "Honeyview 설치" -Status "실패" -Message "$_"
-    }
-}
-
-# [12/21] Honeyview 설정 적용 (작은 이미지 늘리기, 제목표시줄/컨트롤바 고정 해제)
-Write-Host "[12/21] Honeyview 설정 적용 중..." -ForegroundColor Yellow
-$honeyviewRegPath = "HKCU:\Software\Honeyview"
-$hvCurrentStretch = (Get-ItemProperty -Path $honeyviewRegPath -Name "bStretchWhenSmall" -ErrorAction SilentlyContinue).bStretchWhenSmall
-
-if ($hvCurrentStretch -eq 1) {
-    Write-Host "  - Honeyview 설정 : 이미 적용됨 (스킵)" -ForegroundColor Gray
-    Write-OptLog -Step "Honeyview 설정" -Status "스킵됨" -Message "이미 적용됨"
-} else {
-    try {
-        if (-not (Test-Path $honeyviewRegPath)) {
-            New-Item -Path $honeyviewRegPath -Force | Out-Null
-        }
-        # bStretchWhenSmall=1: 작은 이미지를 창에 맞게 늘리기
-        Set-ItemProperty -Path $honeyviewRegPath -Name "bStretchWhenSmall" -Value 1 -Type DWord -Force
-        # bLockTitlebarNormal=0: 제목 표시줄 고정 해제 (자동 숨김)
-        Set-ItemProperty -Path $honeyviewRegPath -Name "bLockTitlebarNormal" -Value 0 -Type DWord -Force
-        # bLockControlbar=0: 컨트롤바 고정 해제 (자동 숨김)
-        Set-ItemProperty -Path $honeyviewRegPath -Name "bLockControlbar" -Value 0 -Type DWord -Force
-        # Enter 키로 전체화면 전환 (사용자 정의 단축키)
-        Set-ItemProperty -Path $honeyviewRegPath -Name "CustomKey_Enable_00" -Value 1 -Type DWord -Force
-        Set-ItemProperty -Path $honeyviewRegPath -Name "CustomKey_Key_00" -Value 0x0d -Type DWord -Force  # 0x0d = Enter
-        Set-ItemProperty -Path $honeyviewRegPath -Name "CustomKey_Cmd_00" -Value "CMD_FULLSCREEN" -Type String -Force
-        Write-Host "  - Honeyview 설정 : 적용됨" -ForegroundColor Green
-        Write-Host "    - 작은 이미지 늘리기, 제목/컨트롤바 자동 숨김, Enter=전체화면" -ForegroundColor Gray
-        Write-OptLog -Step "Honeyview 설정" -Status "설치됨" -Message "레지스트리 설정 적용됨"
-    } catch {
-        Write-Host "  - Honeyview 설정 : 적용 실패 - $_" -ForegroundColor Red
-        Write-OptLog -Step "Honeyview 설정" -Status "실패" -Message "$_"
-    }
-}
-
-# [13/21] PotPlayer 다운로드 및 설치
-Write-Host "[13/21] PotPlayer 다운로드 중..." -ForegroundColor Yellow
-$potPlayerPaths = @(
-    "${env:ProgramFiles}\DAUM\PotPlayer\PotPlayerMini64.exe"
-)
-$potPlayerInstaller = $null
-if (Test-SoftwareInstalled -Name "PotPlayer" -Paths $potPlayerPaths) {
-    Write-Host "  - PotPlayer : 이미 설치됨 (스킵)" -ForegroundColor Gray
-    Write-OptLog -Step "PotPlayer 다운로드" -Status "스킵됨" -Message "이미 설치됨"
-} else {
-    try {
-        $potPlayerUrl = "https://t1.kakaocdn.net/potplayer/PotPlayer/Version/Latest/PotPlayerSetup64.exe"
-        $potPlayerInstaller = Join-Path $tempDir "PotPlayerSetup64.exe"
-        Invoke-WebRequest -Uri $potPlayerUrl -OutFile $potPlayerInstaller -UseBasicParsing
-        Write-Host "  - 다운로드 완료" -ForegroundColor Green
-    } catch {
-        Write-Host "  - 다운로드 실패: $_" -ForegroundColor Red
-        $potPlayerInstaller = $null
-        Write-OptLog -Step "PotPlayer 다운로드" -Status "실패" -Message "$_"
-    }
-}
-
-# [14/21] PotPlayer 설치
-Write-Host "[14/21] PotPlayer 설치 중..." -ForegroundColor Yellow
-if (Test-SoftwareInstalled -Name "PotPlayer" -Paths $potPlayerPaths) {
-    Write-Host "  - PotPlayer : 이미 설치됨 (스킵)" -ForegroundColor Gray
-    Write-OptLog -Step "PotPlayer 설치" -Status "스킵됨" -Message "이미 설치됨"
-} elseif ($potPlayerInstaller -and (Test-Path $potPlayerInstaller)) {
-    try {
-        Start-Process -FilePath $potPlayerInstaller -ArgumentList "/S" -Wait -NoNewWindow
-        Remove-Item $potPlayerInstaller -Force -ErrorAction SilentlyContinue
-        Write-Host "  - PotPlayer : 설치됨 (적용됨)" -ForegroundColor Green
-        Write-OptLog -Step "PotPlayer 설치" -Status "설치됨" -Message "Silent 설치 완료"
-    } catch {
-        Write-Host "  - PotPlayer : 설치 실패 - $_" -ForegroundColor Red
-        Write-OptLog -Step "PotPlayer 설치" -Status "실패" -Message "$_"
-    }
-} else {
-    Write-Host "  - 건너뜀 (다운로드 실패)" -ForegroundColor Red
-}
-
-# [15/21] PotPlayer 설정 적용
-Write-Host "[15/21] PotPlayer 설정 적용 중..." -ForegroundColor Yellow
-$potRegPath = "HKCU:\Software\DAUM\PotPlayerMini64"
-$potCurrentUseIni = (Get-ItemProperty -Path $potRegPath -Name "UseIni" -ErrorAction SilentlyContinue).UseIni
-
-if ($potCurrentUseIni -eq 1) {
-    Write-Host "  - PotPlayer 설정 : 이미 적용됨 (스킵)" -ForegroundColor Gray
-    Write-OptLog -Step "PotPlayer 설정" -Status "스킵됨" -Message "이미 적용됨"
-} else {
-    try {
-        $potPlayerConfigDir = "$env:APPDATA\PotPlayerMini64"
-        if (!(Test-Path $potPlayerConfigDir)) {
-            New-Item -Path $potPlayerConfigDir -ItemType Directory -Force | Out-Null
-        }
-
-        # 레지스트리에 INI 모드 활성화 (PotPlayer가 INI 파일 설정을 사용하도록)
-        if (!(Test-Path $potRegPath)) {
-            New-Item -Path $potRegPath -Force | Out-Null
-        }
-        # UseIni=1: INI 파일에 설정 저장, CheckAutoUpdate=0: 자동 업데이트 체크 비활성화
-        Set-ItemProperty -Path $potRegPath -Name "UseIni" -Value 1 -Type DWord -Force
-        Set-ItemProperty -Path $potRegPath -Name "CheckAutoUpdate" -Value 0 -Type DWord -Force
-
-        # 재생목록/방송목록 창 숨김 설정
-        $potPositionsPath = "HKCU:\Software\DAUM\PotPlayer64\Positions"
-        if (-not (Test-Path $potPositionsPath)) {
-            New-Item -Path $potPositionsPath -Force | Out-Null
-        }
-        Set-ItemProperty -Path $potPositionsPath -Name "ChatWindowVisible" -Value 0 -Type DWord -Force
-        Set-ItemProperty -Path $potPositionsPath -Name "PlayListWindowVisible" -Value 0 -Type DWord -Force
-        Set-ItemProperty -Path $potPositionsPath -Name "BroadcastListWindowVisible" -Value 0 -Type DWord -Force
-
-        # 단축키 설정 (F1~F5 북마크, Ctrl+W 종료)
-        $potShortCutPath = "HKCU:\Software\DAUM\PotPlayer64\MainShortCutList"
-        if (-not (Test-Path $potShortCutPath)) {
-            New-Item -Path $potShortCutPath -Force | Out-Null
-        }
-        Set-ItemProperty -Path $potShortCutPath -Name "0" -Value "112,6,10281,1" -Type String -Force
-        Set-ItemProperty -Path $potShortCutPath -Name "1" -Value "113,6,10282,1" -Type String -Force
-        Set-ItemProperty -Path $potShortCutPath -Name "2" -Value "114,6,10283,1" -Type String -Force
-        Set-ItemProperty -Path $potShortCutPath -Name "3" -Value "115,6,10284,1" -Type String -Force
-        Set-ItemProperty -Path $potShortCutPath -Name "4" -Value "116,6,10285,1" -Type String -Force
-        Set-ItemProperty -Path $potShortCutPath -Name "5" -Value "87,2,57665,0" -Type String -Force
-        Set-ItemProperty -Path $potShortCutPath -Name "6" -Value "" -Type String -Force
-
-        # INI 파일 다운로드 (외부 설정 파일 사용)
-        $iniPath = "$potPlayerConfigDir\PotPlayerMini64.ini"
-        $potPlayerConfigUrl = "https://raw.githubusercontent.com/Zeliper/windows-11-optimization/main/Configs/PotPlayer/PotPlayerMini64.ini"
-        Invoke-WebRequest -Uri $potPlayerConfigUrl -OutFile $iniPath -UseBasicParsing
-
-        Write-Host "  - PotPlayer 설정 : 적용됨" -ForegroundColor Green
-        Write-Host "    - INI 모드, 단축키, 창 숨김 설정됨" -ForegroundColor Gray
-        Write-OptLog -Step "PotPlayer 설정" -Status "설치됨" -Message "레지스트리 및 INI 설정 적용됨"
-    } catch {
-        Write-Host "  - PotPlayer 설정 : 적용 실패 - $_" -ForegroundColor Red
-        Write-OptLog -Step "PotPlayer 설정" -Status "실패" -Message "$_"
-    }
-}
-
-# [16/21] SetUserFTA 다운로드 (파일 연결 도구)
-# SetUserFTA by Christoph Kolbicz - Personal Edition (비상업적/테스트 목적)
-# 라이선스: https://github.com/Zeliper/windows-11-optimization/blob/main/LICENSES/SetUserFTA.md
-Write-Host "[16/21] SetUserFTA 다운로드 중..." -ForegroundColor Yellow
-$setUserFtaPath = Join-Path $tempDir "SetUserFTA.exe"
-$setUserFtaUrl = "https://raw.githubusercontent.com/Zeliper/windows-11-optimization/main/Utils/SetUserFTA.exe"
-
-try {
-    Invoke-WebRequest -Uri $setUserFtaUrl -OutFile $setUserFtaPath -UseBasicParsing -TimeoutSec 30
-    if (Test-Path $setUserFtaPath) {
-        Write-Host "  - SetUserFTA : 다운로드 완료" -ForegroundColor Green
-    } else {
-        Write-Host "  - SetUserFTA : 다운로드 실패" -ForegroundColor Red
-        $setUserFtaPath = $null
-    }
-} catch {
-    Write-Host "  - SetUserFTA : 다운로드 실패 - $_" -ForegroundColor Red
-    Write-Host "  - 파일 연결 설정을 건너뜁니다 (수동 설정 필요)" -ForegroundColor Yellow
-    $setUserFtaPath = $null
-}
-
-# [17/21] Notepad++ 파일 연결 설정 (SetUserFTA 병렬 실행)
-Write-Host "[17/21] Notepad++ 파일 연결 설정 중..." -ForegroundColor Yellow
-$nppPath = "${env:ProgramFiles}\Notepad++\notepad++.exe"
-if ((Test-Path $nppPath) -and $setUserFtaPath -and (Test-Path $setUserFtaPath)) {
-    # 연결할 확장자 목록 (실행 스크립트 제외: .bat, .cmd, .ps1, .vbs 등)
-    $extensions = @(
-        ".txt", ".ini", ".cfg", ".conf", ".config",
-        ".properties", ".property", ".log", ".md",
-        ".json", ".xml", ".yaml", ".yml",
-        ".sql", ".csv", ".tsv", ".sh"
-    )
-
-    # ProgId를 HKCU\SOFTWARE\Classes에 등록 (사용자별 설정)
-    $progId = "Notepad++_file"
-
-    # 이미 모든 확장자가 Notepad++로 연결되어 있는지 확인
-    $alreadySet = $true
-    foreach ($ext in $extensions) {
-        if (-not (Test-FileAssociation -Extension $ext -ExpectedProgId $progId)) {
-            $alreadySet = $false
-            break
-        }
-    }
-
-    if ($alreadySet) {
-        Write-Host "  - Notepad++ 파일 연결 : 이미 설정됨 (스킵)" -ForegroundColor Gray
-        Write-OptLog -Step "Notepad++ 파일 연결" -Status "스킵됨" -Message "이미 모든 확장자가 Notepad++로 연결됨"
-    } else {
-        $hkcuClassesPath = "HKCU:\SOFTWARE\Classes\$progId"
-
-        try {
-            if (-not (Test-Path $hkcuClassesPath)) {
-                New-Item -Path $hkcuClassesPath -Force | Out-Null
-                New-Item -Path "$hkcuClassesPath\shell\open\command" -Force | Out-Null
-            }
-            Set-ItemProperty -Path $hkcuClassesPath -Name "(Default)" -Value "Notepad++ Document" -Force
-            Set-ItemProperty -Path "$hkcuClassesPath\shell\open\command" -Name "(Default)" -Value "`"$nppPath`" `"%1`"" -Force
-
-            # OpenWithProgids 정리 및 ProgId 추가
-            foreach ($ext in $extensions) {
-                $fileExtPath = "HKCU:\SOFTWARE\Microsoft\Windows\CurrentVersion\Explorer\FileExts\$ext"
-                $openWithProgids = "$fileExtPath\OpenWithProgids"
-                if (-not (Test-Path $openWithProgids)) {
-                    New-Item -Path $openWithProgids -Force | Out-Null
-                }
-                # 기존 ProgId 제거
-                $existingProps = Get-ItemProperty -Path $openWithProgids -ErrorAction SilentlyContinue
-                if ($existingProps) {
-                    foreach ($prop in $existingProps.PSObject.Properties) {
-                        if ($prop.Name -notlike "PS*") {
-                            Remove-ItemProperty -Path $openWithProgids -Name $prop.Name -ErrorAction SilentlyContinue
-                        }
-                    }
+$setUserFtaPath = Join-Path $tempDir "SetUserFTA.exe" # Will be set during execution
+
+$steps = @(
+    # --- Notepad++ ---
+    @{
+        Name = "Notepad++ 설치"
+        Action = {
+            $paths = @("${env:ProgramFiles}\Notepad++\notepad++.exe", "${env:ProgramFiles(x86)}\Notepad++\notepad++.exe")
+            if (Test-SoftwareInstalled -Name "Notepad++" -Paths $paths -WingetId "Notepad++.Notepad++") {
+                Write-Host "  - Notepad++ 이미 설치됨 (스킵)" -ForegroundColor Gray
+                Write-OptLog -Step "Notepad++" -Status "스킵됨" -Message "이미 설치됨"
+            } else {
+                Write-Host "  - winget으로 설치 중..." -ForegroundColor Yellow
+                $res = winget install Notepad++.Notepad++ --source winget --silent --accept-package-agreements --accept-source-agreements 2>&1
+                if ($LASTEXITCODE -eq 0 -or $res -match "already installed") {
+                    Write-OptLog -Step "Notepad++" -Status "설치됨" -Message "설치 완료"
+                } else {
+                    throw "설치 실패: $res"
                 }
-                # 우리 ProgId만 추가
-                New-ItemProperty -Path $openWithProgids -Name $progId -PropertyType Binary -Value ([byte[]]@()) -Force -ErrorAction SilentlyContinue | Out-Null
-            }
-
-            # SetUserFTA 순차 실행
-            $setCount = 0
-            foreach ($ext in $extensions) {
-                $result = Start-Process -FilePath $setUserFtaPath -ArgumentList "$ext $progId" -NoNewWindow -Wait -PassThru -ErrorAction SilentlyContinue
-                if ($result -and $result.ExitCode -eq 0) { $setCount++ }
             }
-            Write-Host "  - Notepad++ 파일 연결 : $setCount/$($extensions.Count)개 확장자 (적용됨)" -ForegroundColor Green
-            Write-OptLog -Step "Notepad++ 파일 연결" -Status "설치됨" -Message "$setCount/$($extensions.Count)개 확장자 연결됨"
-        } catch {
-            Write-Host "  - Notepad++ 파일 연결 : 실패 - $_" -ForegroundColor Red
-            Write-OptLog -Step "Notepad++ 파일 연결" -Status "실패" -Message "$_"
         }
-    }
-} elseif (!(Test-Path $nppPath)) {
-    Write-Host "  - Notepad++ 파일 연결 : 건너뜀 (Notepad++ 미설치)" -ForegroundColor Gray
-    Write-OptLog -Step "Notepad++ 파일 연결" -Status "스킵됨" -Message "Notepad++ 미설치"
-} else {
-    Write-Host "  - Notepad++ 파일 연결 : 건너뜀 (SetUserFTA 없음)" -ForegroundColor Gray
-    Write-OptLog -Step "Notepad++ 파일 연결" -Status "스킵됨" -Message "SetUserFTA 없음"
-}
-
-# [18/21] Honeyview 이미지 파일 연결 설정 (Honeyview.{ext} ProgId 사용)
-Write-Host "[18/21] Honeyview 이미지 파일 연결 설정 중..." -ForegroundColor Yellow
-try {
-    # Windows 사진 앱 제거 (파일 연결 충돌 방지)
-    $photosApp = Get-AppxPackage -Name "Microsoft.Windows.Photos" -ErrorAction SilentlyContinue
-    if ($photosApp) {
-        try {
-            $photosApp | Remove-AppxPackage -ErrorAction SilentlyContinue
-            Write-Host "  - Windows 사진 앱 제거됨" -ForegroundColor Green
-        } catch {
-            Write-Host "  - 사진 앱 제거 실패 (수동 제거 필요)" -ForegroundColor Yellow
-        }
-    }
-
-    # 프로비저닝된 사진 앱도 제거 (새 사용자 설치 방지)
-    $photosProvisioned = Get-AppxProvisionedPackage -Online -ErrorAction SilentlyContinue | Where-Object { $_.PackageName -like "*Photos*" }
-    if ($photosProvisioned) {
-        try {
-            $photosProvisioned | ForEach-Object {
-                Remove-AppxProvisionedPackage -Online -PackageName $_.PackageName -ErrorAction SilentlyContinue | Out-Null
+    },
+    
+    # --- Chrome ---
+    @{
+        Name = "Chrome 설치"
+        Action = {
+            $paths = @("${env:ProgramFiles}\Google\Chrome\Application\chrome.exe", "${env:ProgramFiles(x86)}\Google\Chrome\Application\chrome.exe")
+            if (Test-SoftwareInstalled -Name "Chrome" -Paths $paths) {
+                 Write-Host "  - Chrome 이미 설치됨 (스킵)" -ForegroundColor Gray
+                 Write-OptLog -Step "Chrome" -Status "스킵됨" -Message "이미 설치됨"
+            } else {
+                $installer = Join-Path $tempDir "chrome_installer.msi"
+                Write-Host "  - 다운로드 중..." -ForegroundColor Yellow
+                Invoke-WebRequest -Uri "https://dl.google.com/dl/chrome/install/googlechromestandaloneenterprise64.msi" -OutFile $installer -UseBasicParsing
+                
+                Write-Host "  - 설치 중..." -ForegroundColor Yellow
+                Start-Process msiexec -ArgumentList "/i `"$installer`" /qn /norestart" -Wait -NoNewWindow
+                Remove-Item $installer -Force -ErrorAction SilentlyContinue
+                
+                # Disable default browser check
+                Set-Registry -Path "HKLM:\SOFTWARE\Policies\Google\Chrome" -Name "DefaultBrowserSettingEnabled" -Value 0
+                Write-OptLog -Step "Chrome" -Status "설치됨" -Message "MSI 설치 완료"
             }
-            Write-Host "  - 사진 앱 프로비저닝 제거됨" -ForegroundColor Green
-        } catch {
-            # 무시
         }
-    }
-
-    $honeyviewPath = "${env:ProgramFiles}\Honeyview\Honeyview.exe"
-    if ((Test-Path $honeyviewPath) -and $setUserFtaPath -and (Test-Path $setUserFtaPath)) {
-        # 이미지 확장자 목록 (Honeyview가 지원하는 확장자 기준)
-        $imageExtensions = @(
-            ".jpg", ".jpeg", ".png", ".gif", ".bmp", ".ico", ".webp",
-            ".tiff", ".tif", ".heic", ".heif", ".avif",
-            ".cr2", ".nef", ".arw", ".dng", ".orf", ".rw2",
-            ".psd", ".jfif", ".jpe", ".wdp", ".jxr"
-        )
-
-        # 이미 모든 이미지 확장자가 Honeyview로 연결되어 있는지 확인
-        $alreadySet = $true
-        foreach ($ext in $imageExtensions) {
-            $extWithoutDot = $ext.TrimStart(".")
-            if (-not (Test-FileAssociation -Extension $ext -ExpectedProgId "Honeyview.$extWithoutDot")) {
-                $alreadySet = $false
-                break
+    },
+
+    # --- 7-Zip ---
+    @{
+        Name = "7-Zip 설치"
+        Action = {
+            $paths = @("${env:ProgramFiles}\7-Zip\7z.exe", "${env:ProgramFiles(x86)}\7-Zip\7z.exe")
+            if (Test-SoftwareInstalled -Name "7-Zip" -Paths $paths) {
+                Write-Host "  - 7-Zip 이미 설치됨 (스킵)" -ForegroundColor Gray
+                Write-OptLog -Step "7-Zip" -Status "스킵됨" -Message "이미 설치됨"
+            } else {
+                $installer = Join-Path $tempDir "7zip_installer.msi"
+                Write-Host "  - 다운로드 중..." -ForegroundColor Yellow
+                Invoke-WebRequest -Uri "https://www.7-zip.org/a/7z2408-x64.msi" -OutFile $installer -UseBasicParsing
+                
+                Write-Host "  - 설치 중..." -ForegroundColor Yellow
+                Start-Process msiexec -ArgumentList "/i `"$installer`" /qn" -Wait -NoNewWindow
+                Remove-Item $installer -Force -ErrorAction SilentlyContinue
+                Write-OptLog -Step "7-Zip" -Status "설치됨" -Message "MSI 설치 완료"
             }
         }
-
-        if ($alreadySet) {
-            Write-Host "  - Honeyview 이미지 연결 : 이미 설정됨 (스킵)" -ForegroundColor Gray
-            Write-OptLog -Step "Honeyview 이미지 연결" -Status "스킵됨" -Message "이미 모든 이미지가 Honeyview로 연결됨"
-        } else {
-            # OpenWithProgids 정리: Honeyview.{ext} ProgId만 남기고 경쟁 앱 모두 제거
-            foreach ($ext in $imageExtensions) {
-                $extWithoutDot = $ext.TrimStart(".")
-                $honeyviewProgId = "Honeyview.$extWithoutDot"
-
-                $fileExtPath = "HKCU:\SOFTWARE\Microsoft\Windows\CurrentVersion\Explorer\FileExts\$ext"
-                $openWithProgids = "$fileExtPath\OpenWithProgids"
-
-                # OpenWithProgids 키가 없으면 생성
-                if (-not (Test-Path $openWithProgids)) {
-                    New-Item -Path $openWithProgids -Force | Out-Null
-                }
-
-                # 기존 모든 ProgId 제거 (경쟁 앱 완전 제거)
-                $existingProps = Get-ItemProperty -Path $openWithProgids -ErrorAction SilentlyContinue
-                if ($existingProps) {
-                    foreach ($prop in $existingProps.PSObject.Properties) {
-                        if ($prop.Name -notlike "PS*") {  # PowerShell 내부 속성 제외
-                            Remove-ItemProperty -Path $openWithProgids -Name $prop.Name -ErrorAction SilentlyContinue
-                        }
-                    }
-                }
-
-                # Honeyview.{ext} ProgId만 추가 (Honeyview 설치 시 등록된 ProgId 사용)
-                New-ItemProperty -Path $openWithProgids -Name $honeyviewProgId -PropertyType Binary -Value ([byte[]]@()) -Force -ErrorAction SilentlyContinue | Out-Null
-
-                # OpenWithList도 정리
-                $openWithList = "$fileExtPath\OpenWithList"
-                if (Test-Path $openWithList) {
-                    Remove-Item -Path $openWithList -Recurse -Force -ErrorAction SilentlyContinue
-                }
-
-                # UserChoice 키 삭제 (SetUserFTA가 새로 생성하도록)
-                $userChoice = "$fileExtPath\UserChoice"
-                if (Test-Path $userChoice) {
-                    try {
-                        $acl = Get-Acl -Path $userChoice
-                        $rule = New-Object System.Security.AccessControl.RegistryAccessRule(
-                            [System.Security.Principal.WindowsIdentity]::GetCurrent().Name,
-                            "FullControl",
-                            "Allow"
-                        )
-                        $acl.SetAccessRule($rule)
-                        Set-Acl -Path $userChoice -AclObject $acl -ErrorAction SilentlyContinue
-                        Remove-Item -Path $userChoice -Recurse -Force -ErrorAction SilentlyContinue
-                    } catch {
-                        # 권한 변경 실패해도 계속 진행
-                    }
-                }
+    },
+
+    # --- ShareX ---
+    @{
+        Name = "ShareX 설치 및 설정"
+        Action = {
+            # 1. Install
+            $paths = @("${env:ProgramFiles}\ShareX\ShareX.exe")
+            if (Test-SoftwareInstalled -Name "ShareX" -Paths $paths -WingetId "ShareX.ShareX") {
+                Write-Host "  - ShareX 이미 설치됨" -ForegroundColor Gray
+            } else {
+                Write-Host "  - ShareX 설치 중 (winget)..." -ForegroundColor Yellow
+                winget install ShareX.ShareX --source winget --silent --accept-package-agreements --accept-source-agreements 2>&1 | Out-Null
+                Write-OptLog -Step "ShareX" -Status "설치됨" -Message "설치 완료"
             }
 
-            # SetUserFTA로 각 확장자에 Honeyview.{ext} ProgId 연결
-            $setCount = 0
-            foreach ($ext in $imageExtensions) {
-                $extWithoutDot = $ext.TrimStart(".")
-                $honeyviewProgId = "Honeyview.$extWithoutDot"
-                $result = Start-Process -FilePath $setUserFtaPath -ArgumentList "$ext $honeyviewProgId" -NoNewWindow -Wait -PassThru -ErrorAction SilentlyContinue
-                if ($result -and $result.ExitCode -eq 0) { $setCount++ }
+            # 2. Config
+            $cfgPath = "$env:USERPROFILE\Documents\ShareX\ApplicationConfig.json"
+            if (-not (Test-Path $cfgPath)) {
+                New-Item -Path (Split-Path $cfgPath) -ItemType Directory -Force -ErrorAction SilentlyContinue | Out-Null
+                Invoke-WebRequest -Uri "https://raw.githubusercontent.com/Zeliper/windows-11-optimization/main/Configs/ShareX/ApplicationConfig.json" -OutFile $cfgPath -UseBasicParsing
+                Write-OptLog -Step "ShareX Config" -Status "적용됨" -Message "설정 파일 다운로드"
             }
-            Write-Host "  - Honeyview 이미지 연결 : $setCount/$($imageExtensions.Count)개 확장자 (적용됨)" -ForegroundColor Green
-            Write-OptLog -Step "Honeyview 이미지 연결" -Status "설치됨" -Message "$setCount/$($imageExtensions.Count)개 확장자 연결됨"
-        }
-    } elseif (!(Test-Path $honeyviewPath)) {
-        Write-Host "  - Honeyview 이미지 연결 : 건너뜀 (Honeyview 미설치)" -ForegroundColor Gray
-        Write-OptLog -Step "Honeyview 이미지 연결" -Status "스킵됨" -Message "Honeyview 미설치"
-    } else {
-        Write-Host "  - Honeyview 이미지 연결 : 건너뜀 (SetUserFTA 없음)" -ForegroundColor Gray
-        Write-OptLog -Step "Honeyview 이미지 연결" -Status "스킵됨" -Message "SetUserFTA 없음"
-    }
-} catch {
-    Write-Host "  - Honeyview 이미지 연결 : 실패 - $_" -ForegroundColor Red
-    Write-OptLog -Step "Honeyview 이미지 연결" -Status "실패" -Message "$_"
-}
-
-# [19/21] PotPlayer 동영상/오디오 파일 연결 (SetUserFTA 사용, PotPlayer 자체 ProgId 활용)
-Write-Host "[19/21] PotPlayer 동영상/오디오 파일 연결 설정 중..." -ForegroundColor Yellow
-$potPlayerPath = "${env:ProgramFiles}\DAUM\PotPlayer\PotPlayerMini64.exe"
-if ((Test-Path $potPlayerPath) -and $setUserFtaPath -and (Test-Path $setUserFtaPath)) {
-    try {
-        # 동영상 확장자 목록
-        $videoExtensions = @(
-            ".mp4", ".mkv", ".avi", ".mov", ".wmv", ".flv", ".webm",
-            ".m4v", ".mpg", ".mpeg", ".ts", ".3gp", ".m2ts", ".vob"
-        )
-
-        # 오디오 확장자 목록
-        $audioExtensions = @(
-            ".mp3", ".flac", ".wav", ".aac", ".ogg", ".wma", ".m4a",
-            ".opus", ".aiff", ".ape", ".alac", ".dsd", ".dsf", ".dff"
-        )
-
-        # 전체 미디어 확장자
-        $mediaExtensions = $videoExtensions + $audioExtensions
-
-        # 이미 모든 미디어 확장자가 PotPlayer로 연결되어 있는지 확인
-        $alreadySet = $true
-        foreach ($ext in $mediaExtensions) {
-            $extWithoutDot = $ext.TrimStart(".")
-            if (-not (Test-FileAssociation -Extension $ext -ExpectedProgId "PotPlayer64.$extWithoutDot")) {
-                $alreadySet = $false
-                break
-            }
-        }
-
-        if ($alreadySet) {
-            Write-Host "  - PotPlayer 미디어 연결 : 이미 설정됨 (스킵)" -ForegroundColor Gray
-            Write-OptLog -Step "PotPlayer 미디어 연결" -Status "스킵됨" -Message "이미 모든 미디어가 PotPlayer로 연결됨"
-        } else {
-            # OpenWithProgids 정리: PotPlayer64.{ext} ProgId만 남기고 경쟁 앱 모두 제거 (Honeyview 방식)
-            foreach ($ext in $mediaExtensions) {
-                $extWithoutDot = $ext.TrimStart(".")
-                $potPlayerProgId = "PotPlayer64.$extWithoutDot"
-
-                $fileExtPath = "HKCU:\SOFTWARE\Microsoft\Windows\CurrentVersion\Explorer\FileExts\$ext"
-                $openWithProgids = "$fileExtPath\OpenWithProgids"
-
-                # OpenWithProgids 키가 없으면 생성
-                if (-not (Test-Path $openWithProgids)) {
-                    New-Item -Path $openWithProgids -Force | Out-Null
-                }
-
-                # 기존 모든 ProgId 제거 (경쟁 앱 완전 제거)
-                $existingProps = Get-ItemProperty -Path $openWithProgids -ErrorAction SilentlyContinue
-                if ($existingProps) {
-                    foreach ($prop in $existingProps.PSObject.Properties) {
-                        if ($prop.Name -notlike "PS*") {
-                            Remove-ItemProperty -Path $openWithProgids -Name $prop.Name -ErrorAction SilentlyContinue
-                        }
-                    }
-                }
-
-                # PotPlayer64.{ext} ProgId만 추가 (PotPlayer 설치 시 등록된 ProgId 사용)
-                New-ItemProperty -Path $openWithProgids -Name $potPlayerProgId -PropertyType Binary -Value ([byte[]]@()) -Force -ErrorAction SilentlyContinue | Out-Null
 
-                # OpenWithList도 정리
-                $openWithList = "$fileExtPath\OpenWithList"
-                if (Test-Path $openWithList) {
-                    Remove-Item -Path $openWithList -Recurse -Force -ErrorAction SilentlyContinue
-                }
-
-                # UserChoice 키 삭제 (SetUserFTA가 새로 생성하도록)
-                $userChoice = "$fileExtPath\UserChoice"
-                if (Test-Path $userChoice) {
-                    try {
-                        $acl = Get-Acl -Path $userChoice
-                        $rule = New-Object System.Security.AccessControl.RegistryAccessRule(
-                            [System.Security.Principal.WindowsIdentity]::GetCurrent().Name,
-                            "FullControl",
-                            "Allow"
-                        )
-                        $acl.SetAccessRule($rule)
-                        Set-Acl -Path $userChoice -AclObject $acl -ErrorAction SilentlyContinue
-                        Remove-Item -Path $userChoice -Recurse -Force -ErrorAction SilentlyContinue
-                    } catch {
-                        # 권한 변경 실패해도 계속 진행
-                    }
-                }
+            # 3. Startup (Tray mode)
+            if (Test-Path $paths[0]) {
+                Set-Registry -Path "HKCU:\SOFTWARE\Microsoft\Windows\CurrentVersion\Run" -Name "ShareX" -Value "`"$($paths[0])`" -silent" -Type String
             }
 
-            # SetUserFTA로 각 확장자에 PotPlayer64.{ext} ProgId 연결
-            $setCount = 0
-            foreach ($ext in $mediaExtensions) {
-                $extWithoutDot = $ext.TrimStart(".")
-                $potPlayerProgId = "PotPlayer64.$extWithoutDot"
-                $result = Start-Process -FilePath $setUserFtaPath -ArgumentList "$ext $potPlayerProgId" -NoNewWindow -Wait -PassThru -ErrorAction SilentlyContinue
-                if ($result -and $result.ExitCode -eq 0) { $setCount++ }
+            # 4. Remove Context Menus
+            $ctxPaths = @(
+                "HKCR:\*\shell\ShareX", "HKLM:\SOFTWARE\Classes\*\shell\ShareX", "HKCU:\SOFTWARE\Classes\*\shell\ShareX",
+                "HKCR:\Directory\shell\ShareX", "HKLM:\SOFTWARE\Classes\Directory\shell\ShareX", "HKCU:\SOFTWARE\Classes\Directory\shell\ShareX"
+            )
+            foreach ($p in $ctxPaths) { 
+                if (Test-Path -LiteralPath $p) { Remove-Item -LiteralPath $p -Recurse -Force -ErrorAction SilentlyContinue }
             }
-            Write-Host "  - PotPlayer 미디어 연결 : $setCount/$($mediaExtensions.Count)개 확장자 (적용됨)" -ForegroundColor Green
-            Write-Host "    - 동영상: $($videoExtensions.Count)개, 오디오: $($audioExtensions.Count)개" -ForegroundColor Gray
-            Write-OptLog -Step "PotPlayer 미디어 연결" -Status "설치됨" -Message "$setCount/$($mediaExtensions.Count)개 확장자 연결됨"
         }
-    } catch {
-        Write-Host "  - PotPlayer 미디어 연결 : 실패 - $_" -ForegroundColor Red
-        Write-OptLog -Step "PotPlayer 미디어 연결" -Status "실패" -Message "$_"
-    }
-} elseif (!(Test-Path $potPlayerPath)) {
-    Write-Host "  - PotPlayer 미디어 연결 : 건너뜀 (PotPlayer 미설치)" -ForegroundColor Gray
-    Write-OptLog -Step "PotPlayer 미디어 연결" -Status "스킵됨" -Message "PotPlayer 미설치"
-} else {
-    Write-Host "  - PotPlayer 미디어 연결 : 건너뜀 (SetUserFTA 없음)" -ForegroundColor Gray
-    Write-OptLog -Step "PotPlayer 미디어 연결" -Status "스킵됨" -Message "SetUserFTA 없음"
-}
-
-# [20/21] Chrome 기본 브라우저 설정 (SetUserFTA 사용)
-Write-Host "[20/21] Chrome 기본 브라우저 설정 중..." -ForegroundColor Yellow
-$chromePath = "${env:ProgramFiles}\Google\Chrome\Application\chrome.exe"
-if ((Test-Path $chromePath) -and $setUserFtaPath -and (Test-Path $setUserFtaPath)) {
-    try {
-        # ChromeHTML ProgId 존재 확인
-        $chromeProgId = Get-ItemProperty -Path "HKLM:\SOFTWARE\Classes\ChromeHTML" -ErrorAction SilentlyContinue
-        if (-not $chromeProgId) {
-            $chromeProgId = Get-ItemProperty -Path "HKCU:\SOFTWARE\Classes\ChromeHTML" -ErrorAction SilentlyContinue
-        }
-
-        if ($chromeProgId) {
-            # 이미 Chrome이 기본 브라우저로 설정되어 있는지 확인
-            $httpAlreadySet = Test-ProtocolAssociation -Protocol "http" -ExpectedProgId "ChromeHTML"
-            $httpsAlreadySet = Test-ProtocolAssociation -Protocol "https" -ExpectedProgId "ChromeHTML"
-            $htmlAlreadySet = Test-FileAssociation -Extension ".html" -ExpectedProgId "ChromeHTML"
-
-            if ($httpAlreadySet -and $httpsAlreadySet -and $htmlAlreadySet) {
-                Write-Host "  - Chrome 기본 브라우저 : 이미 설정됨 (스킵)" -ForegroundColor Gray
-                Write-OptLog -Step "Chrome 기본 브라우저" -Status "스킵됨" -Message "이미 Chrome이 기본 브라우저로 설정됨"
+    },
+
+    # --- Honeyview ---
+    @{
+        Name = "Honeyview 설치 및 설정"
+        Action = {
+            # 1. Install
+            $paths = @("${env:ProgramFiles}\Honeyview\Honeyview.exe")
+            if (Test-SoftwareInstalled -Name "Honeyview" -Paths $paths -WingetId "Bandisoft.Honeyview") {
+                Write-Host "  - Honeyview 이미 설치됨" -ForegroundColor Gray
             } else {
-                # http/https 프로토콜 OpenWithProgids 정리 (Honeyview 방식 - 경쟁 앱 완전 제거)
-                foreach ($protocol in @("http", "https")) {
-                $urlAssocPath = "HKCU:\SOFTWARE\Microsoft\Windows\Shell\Associations\UrlAssociations\$protocol"
-                $openWithProgids = "$urlAssocPath\OpenWithProgids"
-
-                # OpenWithProgids 키가 없으면 생성
-                if (-not (Test-Path $openWithProgids)) {
-                    New-Item -Path $openWithProgids -Force | Out-Null
-                }
-
-                # 기존 모든 ProgId 제거 (경쟁 앱 완전 제거)
-                $existingProps = Get-ItemProperty -Path $openWithProgids -ErrorAction SilentlyContinue
-                if ($existingProps) {
-                    foreach ($prop in $existingProps.PSObject.Properties) {
-                        if ($prop.Name -notlike "PS*") {
-                            Remove-ItemProperty -Path $openWithProgids -Name $prop.Name -ErrorAction SilentlyContinue
-                        }
-                    }
-                }
-
-                # ChromeHTML ProgId만 추가
-                New-ItemProperty -Path $openWithProgids -Name "ChromeHTML" -PropertyType Binary -Value ([byte[]]@()) -Force -ErrorAction SilentlyContinue | Out-Null
-
-                # OpenWithList도 정리
-                $openWithList = "$urlAssocPath\OpenWithList"
-                if (Test-Path $openWithList) {
-                    Remove-Item -Path $openWithList -Recurse -Force -ErrorAction SilentlyContinue
-                }
-
-                # UserChoice 키 삭제 (SetUserFTA가 새로 생성하도록)
-                $userChoice = "$urlAssocPath\UserChoice"
-                if (Test-Path $userChoice) {
-                    try {
-                        $acl = Get-Acl -Path $userChoice
-                        $rule = New-Object System.Security.AccessControl.RegistryAccessRule(
-                            [System.Security.Principal.WindowsIdentity]::GetCurrent().Name,
-                            "FullControl",
-                            "Allow"
-                        )
-                        $acl.SetAccessRule($rule)
-                        Set-Acl -Path $userChoice -AclObject $acl -ErrorAction SilentlyContinue
-                        Remove-Item -Path $userChoice -Recurse -Force -ErrorAction SilentlyContinue
-                    } catch {
-                        # 권한 변경 실패해도 계속 진행
-                    }
-                }
+                Write-Host "  - 설치 중 (winget)..." -ForegroundColor Yellow
+                winget install Bandisoft.Honeyview --source winget --silent --accept-package-agreements --accept-source-agreements 2>&1 | Out-Null
+                Write-OptLog -Step "Honeyview" -Status "설치됨" -Message "설치 완료"
             }
 
-            # Edge ProgId 삭제 (UserChoice 보호 우회 - SetUserFTA가 작동하도록)
-            # 주의: Edge를 사용하지 않는 경우에만 안전함
-            $edgeProgIdsToDelete = @("MSEdgeHTM", "MSEdgeMHT", "MSEdgePDF")
-            foreach ($progId in $edgeProgIdsToDelete) {
-                $progIdPath = "HKLM:\SOFTWARE\Classes\$progId"
-                if (Test-Path $progIdPath) {
-                    try {
-                        # reg.exe로 삭제 (PowerShell보다 권한 처리가 나음)
-                        $regResult = & reg delete "HKLM\SOFTWARE\Classes\$progId" /f 2>&1
-                        if ($LASTEXITCODE -eq 0) {
-                            Write-Host "  - $progId ProgId 삭제됨" -ForegroundColor Green
-                        }
-                    } catch {
-                        # 삭제 실패해도 계속 진행
-                    }
-                }
-            }
-
-            # Edge를 연결 프로그램 목록에서 제거 (선택 창 방지)
-            $edgeProgIds = @("MSEdgeHTM", "MSEdgePDF", "MSEdgeMHT", "AppXq0fevzme2pys62n3e0fbqa7peapykr8v")
-
-            # .html, .htm 확장자에서 Edge 제거 (.url은 InternetShortcut으로 유지)
-            foreach ($ext in @(".html", ".htm")) {
-                $fileExtPath = "HKCU:\SOFTWARE\Microsoft\Windows\CurrentVersion\Explorer\FileExts\$ext"
-                $openWithProgids = "$fileExtPath\OpenWithProgids"
-                if (Test-Path $openWithProgids) {
-                    foreach ($edgeId in $edgeProgIds) {
-                        Remove-ItemProperty -Path $openWithProgids -Name $edgeId -ErrorAction SilentlyContinue
-                    }
-                }
-                $openWithList = "$fileExtPath\OpenWithList"
-                if (Test-Path $openWithList) {
-                    $props = Get-ItemProperty -Path $openWithList -ErrorAction SilentlyContinue
-                    foreach ($prop in $props.PSObject.Properties) {
-                        if ($prop.Value -like "*edge*" -or $prop.Value -like "*MSEdge*") {
-                            Remove-ItemProperty -Path $openWithList -Name $prop.Name -ErrorAction SilentlyContinue
-                        }
-                    }
-                }
-            }
-
-            # SetUserFTA로 Chrome을 기본 브라우저로 설정
-            # 파일 확장자 (.html, .htm만 - .url은 InternetShortcut으로 유지해야 정상 작동)
-            $fileAssocs = @(".html", ".htm")
-            $fileSuccessCount = 0
-            foreach ($ext in $fileAssocs) {
-                $result = Start-Process -FilePath $setUserFtaPath -ArgumentList "$ext ChromeHTML" -Wait -NoNewWindow -PassThru -ErrorAction SilentlyContinue
-                if ($result.ExitCode -eq 0) { $fileSuccessCount++ }
+            # 2. Registry Config
+            $reg = "HKCU:\Software\Honeyview"
+            Set-Registry -Path $reg -Name "bStretchWhenSmall" -Value 1 -Description "작은 이미지 늘리기"
+            Set-Registry -Path $reg -Name "bLockTitlebarNormal" -Value 0 -Description "제목표시줄 고정 해제"
+            Set-Registry -Path $reg -Name "bLockControlbar" -Value 0 -Description "컨트롤바 고정 해제"
+            # Enter key fullscreen
+            Set-Registry -Path $reg -Name "CustomKey_Enable_00" -Value 1
+            Set-Registry -Path $reg -Name "CustomKey_Key_00" -Value 0x0d
+            Set-Registry -Path $reg -Name "CustomKey_Cmd_00" -Value "CMD_FULLSCREEN" -Type String
+        }
+    },
+
+    # --- PotPlayer ---
+    @{
+        Name = "PotPlayer 설치 및 설정"
+        Action = {
+            # 1. Install
+            $paths = @("${env:ProgramFiles}\DAUM\PotPlayer\PotPlayerMini64.exe")
+            if (Test-SoftwareInstalled -Name "PotPlayer" -Paths $paths) {
+                 Write-Host "  - PotPlayer 이미 설치됨" -ForegroundColor Gray
+            } else {
+                $inst = Join-Path $tempDir "PotPlayerSetup64.exe"
+                Write-Host "  - 다운로드 중..." -ForegroundColor Yellow
+                Invoke-WebRequest -Uri "https://t1.kakaocdn.net/potplayer/PotPlayer/Version/Latest/PotPlayerSetup64.exe" -OutFile $inst -UseBasicParsing
+                Write-Host "  - 설치 중..." -ForegroundColor Yellow
+                Start-Process -FilePath $inst -ArgumentList "/S" -Wait -NoNewWindow
+                Remove-Item $inst -Force -ErrorAction SilentlyContinue
+                Write-OptLog -Step "PotPlayer" -Status "설치됨" -Message "설치 완료"
             }
 
-            # URL 프로토콜 (http, https) - SetUserFTA로 설정 (UserChoice는 위에서 이미 삭제됨)
-            $protocolAssocs = @("http", "https")
-            $protocolSuccessCount = 0
-            foreach ($protocol in $protocolAssocs) {
-                $result = Start-Process -FilePath $setUserFtaPath -ArgumentList "$protocol ChromeHTML" -Wait -NoNewWindow -PassThru -ErrorAction SilentlyContinue
-                if ($result.ExitCode -eq 0) { $protocolSuccessCount++ }
+            # 2. Config (INI Mode)
+            $reg = "HKCU:\Software\DAUM\PotPlayerMini64"
+            Set-Registry -Path $reg -Name "UseIni" -Value 1
+            Set-Registry -Path $reg -Name "CheckAutoUpdate" -Value 0
+            
+            # 3. UI Tweaks
+            $pos = "HKCU:\Software\DAUM\PotPlayer64\Positions"
+            Set-Registry -Path $pos -Name "ChatWindowVisible" -Value 0
+            Set-Registry -Path $pos -Name "PlayListWindowVisible" -Value 0
+            
+            # 4. INI File
+            $confDir = "$env:APPDATA\PotPlayerMini64"
+            if (!(Test-Path $confDir)) { New-Item -Path $confDir -ItemType Directory -Force | Out-Null }
+            Invoke-WebRequest -Uri "https://raw.githubusercontent.com/Zeliper/windows-11-optimization/main/Configs/PotPlayer/PotPlayerMini64.ini" -OutFile "$confDir\PotPlayerMini64.ini" -UseBasicParsing
+        }
+    },
+
+    # --- File Associations ---
+    @{
+        Name = "파일 연결 설정 (SetUserFTA)"
+        Action = {
+            # Download Tool
+            $url = "https://raw.githubusercontent.com/Zeliper/windows-11-optimization/main/Utils/SetUserFTA.exe"
+            try {
+                Invoke-WebRequest -Uri $url -OutFile $setUserFtaPath -UseBasicParsing -TimeoutSec 30
+            } catch {
+                Write-Host "  - SetUserFTA 다운로드 실패, 파일 연결 스킵" -ForegroundColor Red
+                return
             }
 
-            # HKCR 프로토콜 핸들러 설정 (앱에서 URL 클릭 시 Chrome으로 열리도록)
-            if (-not (Test-Path "HKCR:")) {
-                New-PSDrive -Name HKCR -PSProvider Registry -Root HKEY_CLASSES_ROOT -ErrorAction SilentlyContinue | Out-Null
-            }
-            foreach ($protocol in @("http", "https")) {
-                try {
-                    # HKCR 프로토콜 핸들러 command 설정
-                    $hkcrPath = "HKCR:\$protocol\shell\open\command"
-                    if (Test-Path $hkcrPath) {
-                        Set-ItemProperty -Path $hkcrPath -Name "(Default)" -Value "`"$chromePath`" -- `"%1`"" -Force -ErrorAction SilentlyContinue
-                    }
-                    # HKCU Classes에도 설정 (사용자별 우선순위)
-                    $hkcuPath = "HKCU:\SOFTWARE\Classes\$protocol\shell\open\command"
-                    if (-not (Test-Path $hkcuPath)) {
-                        New-Item -Path $hkcuPath -Force | Out-Null
-                    }
-                    Set-ItemProperty -Path $hkcuPath -Name "(Default)" -Value "`"$chromePath`" -- `"%1`"" -Force
-                } catch {
-                    # 실패해도 계속 진행
+            if (-not (Test-Path $setUserFtaPath)) { return }
+
+            # 1. Notepad++
+            $npp = "${env:ProgramFiles}\Notepad++\notepad++.exe"
+            if (Test-Path $npp) {
+                $exts = @(".txt", ".ini", ".log", ".md", ".json", ".xml", ".yaml", ".sql", ".sh")
+                $progId = "Notepad++_file"
+                
+                # Register ProgID in Registry
+                $hkcu = "HKCU:\SOFTWARE\Classes\$progId"
+                if (!(Test-Path $hkcu)) { New-Item "$hkcu\shell\open\command" -Force | Out-Null }
+                Set-ItemProperty $hkcu -Name "(Default)" -Value "Notepad++ Document" -Force
+                Set-ItemProperty "$hkcu\shell\open\command" -Name "(Default)" -Value "`"$npp`" `"%1`"" -Force
+                
+                foreach ($ext in $exts) {
+                    Start-Process -FilePath $setUserFtaPath -ArgumentList "$ext $progId" -NoNewWindow -Wait
                 }
+                Write-Host "  - Notepad++ 파일 연결 완료" -ForegroundColor Green
             }
 
-            $totalSuccess = $fileSuccessCount + $protocolSuccessCount
-            $totalAssocs = $fileAssocs.Count + $protocolAssocs.Count
-                if ($totalSuccess -eq $totalAssocs) {
-                    Write-Host "  - Chrome 기본 브라우저 : 설정 완료 ($totalSuccess/$totalAssocs)" -ForegroundColor Green
-                    Write-OptLog -Step "Chrome 기본 브라우저" -Status "설치됨" -Message "$totalSuccess/$totalAssocs 연결 완료"
-                } else {
-                    Write-Host "  - Chrome 기본 브라우저 : 일부 설정 완료 ($totalSuccess/$totalAssocs)" -ForegroundColor Yellow
-                    Write-Host "  - 수동 설정 필요: 설정 > 앱 > 기본 앱 > Google Chrome" -ForegroundColor Cyan
-                    Start-Process "ms-settings:defaultapps" -ErrorAction SilentlyContinue
-                    Write-OptLog -Step "Chrome 기본 브라우저" -Status "설치됨" -Message "$totalSuccess/$totalAssocs 연결 완료 (일부 실패)"
+            # 2. Honeyview (Images)
+            # Remove Photos App first to avoid conflict
+            Get-AppxPackage *Photos* | Remove-AppxPackage -ErrorAction SilentlyContinue
+            
+            $hv = "${env:ProgramFiles}\Honeyview\Honeyview.exe"
+            if (Test-Path $hv) {
+                $imgs = @(".jpg", ".png", ".gif", ".bmp", ".webp", ".heic")
+                foreach ($ext in $imgs) {
+                    $pid = "Honeyview" + $ext.TrimStart('.')
+                    Start-Process -FilePath $setUserFtaPath -ArgumentList "$ext $pid" -NoNewWindow -Wait
                 }
+                Write-Host "  - Honeyview 이미지 연결 완료" -ForegroundColor Green
             }
-        } else {
-            Write-Host "  - Chrome 기본 브라우저 : ChromeHTML ProgId 없음" -ForegroundColor Yellow
-            Write-Host "  - 수동 설정 필요: 설정 > 앱 > 기본 앱 > Google Chrome" -ForegroundColor Cyan
-            Start-Process "ms-settings:defaultapps" -ErrorAction SilentlyContinue
-            Write-OptLog -Step "Chrome 기본 브라우저" -Status "스킵됨" -Message "ChromeHTML ProgId 없음"
         }
-    } catch {
-        Write-Host "  - Chrome 기본 브라우저 : 설정 실패 - $_" -ForegroundColor Red
-        Write-OptLog -Step "Chrome 기본 브라우저" -Status "실패" -Message "$_"
     }
-} elseif (!(Test-Path $chromePath)) {
-    Write-Host "  - Chrome 기본 브라우저 : 건너뜀 (Chrome 미설치)" -ForegroundColor Gray
-    Write-OptLog -Step "Chrome 기본 브라우저" -Status "스킵됨" -Message "Chrome 미설치"
-} else {
-    Write-Host "  - Chrome 기본 브라우저 : 건너뜀 (SetUserFTA 없음)" -ForegroundColor Gray
-    Write-OptLog -Step "Chrome 기본 브라우저" -Status "스킵됨" -Message "SetUserFTA 없음"
-}
-
-# [21/21] Everything 설치 (winget)
-Write-Host "[21/21] Everything 설치 중 (winget)..." -ForegroundColor Yellow
-$everythingPaths = @(
-    "${env:ProgramFiles}\Everything\Everything.exe",
-    "${env:ProgramFiles(x86)}\Everything\Everything.exe"
 )
-if (Test-SoftwareInstalled -Name "Everything" -Paths $everythingPaths -WingetId "voidtools.Everything") {
-    Write-Host "  - Everything : 이미 설치됨 (스킵)" -ForegroundColor Gray
-    Write-OptLog -Step "Everything 설치" -Status "스킵됨" -Message "이미 설치됨"
-} else {
-    try {
-        $wingetResult = winget install voidtools.Everything --source winget --silent --accept-package-agreements --accept-source-agreements 2>&1
-        if ($LASTEXITCODE -eq 0 -or $wingetResult -match "already installed") {
-            Write-Host "  - Everything : 설치됨 (적용됨)" -ForegroundColor Green
-            Write-OptLog -Step "Everything 설치" -Status "설치됨" -Message "winget으로 설치 완료"
-        } else {
-            Write-Host "  - Everything : 설치 실패" -ForegroundColor Red
-            Write-OptLog -Step "Everything 설치" -Status "실패" -Message "$wingetResult"
-        }
-    } catch {
-        Write-Host "  - Everything : 설치 실패 - $_" -ForegroundColor Red
-        Write-OptLog -Step "Everything 설치" -Status "실패" -Message "$_"
-    }
-}
-
-# ===== 로그 저장 =====
-Save-OptLog
 
-# 완료 메시지
-Write-Host ""
-Write-Host "========================================" -ForegroundColor Cyan
-Write-Host "소프트웨어 설치가 완료되었습니다!" -ForegroundColor Green
-Write-Host "========================================" -ForegroundColor Cyan
-Write-Host ""
-Write-Host "Summary:" -ForegroundColor Yellow
-Write-Host "  - 설치됨: $global:InstalledCount 개" -ForegroundColor Green
-Write-Host "  - 스킵됨: $global:SkippedCount 개 (이미 설치됨)" -ForegroundColor Gray
-Write-Host "  - 실패: $global:FailedCount 개" -ForegroundColor $(if ($global:FailedCount -gt 0) { "Red" } else { "Gray" })
-Write-Host ""
-Write-Host "로그 파일: $global:LogFilePath" -ForegroundColor Cyan
-Write-Host "========================================" -ForegroundColor Cyan
+Run-OptimizationSteps -Title "필수 소프트웨어 설치" -Steps $steps

commit 399b7bddd7ac95c4a95c033ae36ab01ab69bc127
Author: Zeliper <Zeliper@users.noreply.github.com>
Date:   Fri Jan 9 17:48:05 2026 +0900

    Fix bugs from log analysis and add file association skip logic (v1.1.2)
    
    - 010.game_server.ps1: TxRxEnabled → RxTxEnabled 열거자 수정
    - 002.power_network.ps1: 노트북 균형 모드 fallback 추가 (고성능 없을 때)
    - 004.taskbar.ps1: 위젯 정책 HKLM 권한 문제 try/catch 처리
    - 000.orchestrate.ps1: Job 병렬 실행 시 ExperimentalOptions JSON 직렬화 전달
    - 006.software_install.ps1: 파일 연결 스킵 로직 추가 (이미 설정된 경우)
    
    🤖 Generated with [Claude Code](https://claude.com/claude-code)
    
    Co-Authored-By: Claude Opus 4.5 <noreply@anthropic.com>

diff --git a/ps_scripts/006.software_install.ps1 b/ps_scripts/006.software_install.ps1
index 18ea998..f370f1c 100644
--- a/ps_scripts/006.software_install.ps1
+++ b/ps_scripts/006.software_install.ps1
@@ -4,7 +4,7 @@
 #Requires -RunAsAdministrator
 
 # 스크립트 버전
-$scriptVersion = "1.1.1"
+$scriptVersion = "1.1.2"
 $scriptName = "006.software_install.ps1"
 
 # UTF-8 인코딩 설정 (irm | iex 실행 시 한글 출력용)
@@ -127,6 +127,39 @@ function Test-SoftwareInstalled {
     return $false
 }
 
+# 파일 연결이 특정 ProgId로 설정되어 있는지 확인하는 함수
+function Test-FileAssociation {
+    param(
+        [string]$Extension,
+        [string]$ExpectedProgId
+    )
+
+    # UserChoice에서 현재 연결된 ProgId 확인
+    $userChoicePath = "HKCU:\SOFTWARE\Microsoft\Windows\CurrentVersion\Explorer\FileExts\$Extension\UserChoice"
+    $currentProgId = (Get-ItemProperty -Path $userChoicePath -Name "ProgId" -ErrorAction SilentlyContinue).ProgId
+
+    if ($currentProgId -and $currentProgId -like "*$ExpectedProgId*") {
+        return $true
+    }
+    return $false
+}
+
+# URL 프로토콜 연결 확인 함수
+function Test-ProtocolAssociation {
+    param(
+        [string]$Protocol,
+        [string]$ExpectedProgId
+    )
+
+    $userChoicePath = "HKCU:\SOFTWARE\Microsoft\Windows\Shell\Associations\UrlAssociations\$Protocol\UserChoice"
+    $currentProgId = (Get-ItemProperty -Path $userChoicePath -Name "ProgId" -ErrorAction SilentlyContinue).ProgId
+
+    if ($currentProgId -and $currentProgId -like "*$ExpectedProgId*") {
+        return $true
+    }
+    return $false
+}
+
 Write-Host "=== 필수 소프트웨어 자동 설치 v$scriptVersion ===" -ForegroundColor Cyan
 Write-Host "Notepad++, Chrome, 7-Zip, ShareX, Honeyview, PotPlayer, Everything을 자동으로 설치합니다." -ForegroundColor White
 Write-Host ""
@@ -565,47 +598,62 @@ if ((Test-Path $nppPath) -and $setUserFtaPath -and (Test-Path $setUserFtaPath))
 
     # ProgId를 HKCU\SOFTWARE\Classes에 등록 (사용자별 설정)
     $progId = "Notepad++_file"
-    $hkcuClassesPath = "HKCU:\SOFTWARE\Classes\$progId"
 
-    try {
-        if (-not (Test-Path $hkcuClassesPath)) {
-            New-Item -Path $hkcuClassesPath -Force | Out-Null
-            New-Item -Path "$hkcuClassesPath\shell\open\command" -Force | Out-Null
+    # 이미 모든 확장자가 Notepad++로 연결되어 있는지 확인
+    $alreadySet = $true
+    foreach ($ext in $extensions) {
+        if (-not (Test-FileAssociation -Extension $ext -ExpectedProgId $progId)) {
+            $alreadySet = $false
+            break
         }
-        Set-ItemProperty -Path $hkcuClassesPath -Name "(Default)" -Value "Notepad++ Document" -Force
-        Set-ItemProperty -Path "$hkcuClassesPath\shell\open\command" -Name "(Default)" -Value "`"$nppPath`" `"%1`"" -Force
-
-        # OpenWithProgids 정리 및 ProgId 추가
-        foreach ($ext in $extensions) {
-            $fileExtPath = "HKCU:\SOFTWARE\Microsoft\Windows\CurrentVersion\Explorer\FileExts\$ext"
-            $openWithProgids = "$fileExtPath\OpenWithProgids"
-            if (-not (Test-Path $openWithProgids)) {
-                New-Item -Path $openWithProgids -Force | Out-Null
+    }
+
+    if ($alreadySet) {
+        Write-Host "  - Notepad++ 파일 연결 : 이미 설정됨 (스킵)" -ForegroundColor Gray
+        Write-OptLog -Step "Notepad++ 파일 연결" -Status "스킵됨" -Message "이미 모든 확장자가 Notepad++로 연결됨"
+    } else {
+        $hkcuClassesPath = "HKCU:\SOFTWARE\Classes\$progId"
+
+        try {
+            if (-not (Test-Path $hkcuClassesPath)) {
+                New-Item -Path $hkcuClassesPath -Force | Out-Null
+                New-Item -Path "$hkcuClassesPath\shell\open\command" -Force | Out-Null
             }
-            # 기존 ProgId 제거
-            $existingProps = Get-ItemProperty -Path $openWithProgids -ErrorAction SilentlyContinue
-            if ($existingProps) {
-                foreach ($prop in $existingProps.PSObject.Properties) {
-                    if ($prop.Name -notlike "PS*") {
-                        Remove-ItemProperty -Path $openWithProgids -Name $prop.Name -ErrorAction SilentlyContinue
+            Set-ItemProperty -Path $hkcuClassesPath -Name "(Default)" -Value "Notepad++ Document" -Force
+            Set-ItemProperty -Path "$hkcuClassesPath\shell\open\command" -Name "(Default)" -Value "`"$nppPath`" `"%1`"" -Force
+
+            # OpenWithProgids 정리 및 ProgId 추가
+            foreach ($ext in $extensions) {
+                $fileExtPath = "HKCU:\SOFTWARE\Microsoft\Windows\CurrentVersion\Explorer\FileExts\$ext"
+                $openWithProgids = "$fileExtPath\OpenWithProgids"
+                if (-not (Test-Path $openWithProgids)) {
+                    New-Item -Path $openWithProgids -Force | Out-Null
+                }
+                # 기존 ProgId 제거
+                $existingProps = Get-ItemProperty -Path $openWithProgids -ErrorAction SilentlyContinue
+                if ($existingProps) {
+                    foreach ($prop in $existingProps.PSObject.Properties) {
+                        if ($prop.Name -notlike "PS*") {
+                            Remove-ItemProperty -Path $openWithProgids -Name $prop.Name -ErrorAction SilentlyContinue
+                        }
                     }
                 }
+                # 우리 ProgId만 추가
+                New-ItemProperty -Path $openWithProgids -Name $progId -PropertyType Binary -Value ([byte[]]@()) -Force -ErrorAction SilentlyContinue | Out-Null
             }
-            # 우리 ProgId만 추가
-            New-ItemProperty -Path $openWithProgids -Name $progId -PropertyType Binary -Value ([byte[]]@()) -Force -ErrorAction SilentlyContinue | Out-Null
-        }
 
-        # SetUserFTA 순차 실행
-        $setCount = 0
-        foreach ($ext in $extensions) {
-            $result = Start-Process -FilePath $setUserFtaPath -ArgumentList "$ext $progId" -NoNewWindow -Wait -PassThru -ErrorAction SilentlyContinue
-            if ($result -and $result.ExitCode -eq 0) { $setCount++ }
+            # SetUserFTA 순차 실행
+            $setCount = 0
+            foreach ($ext in $extensions) {
+                $result = Start-Process -FilePath $setUserFtaPath -ArgumentList "$ext $progId" -NoNewWindow -Wait -PassThru -ErrorAction SilentlyContinue
+                if ($result -and $result.ExitCode -eq 0) { $setCount++ }
+            }
+            Write-Host "  - Notepad++ 파일 연결 : $setCount/$($extensions.Count)개 확장자 (적용됨)" -ForegroundColor Green
+            Write-OptLog -Step "Notepad++ 파일 연결" -Status "설치됨" -Message "$setCount/$($extensions.Count)개 확장자 연결됨"
+        } catch {
+            Write-Host "  - Notepad++ 파일 연결 : 실패 - $_" -ForegroundColor Red
+            Write-OptLog -Step "Notepad++ 파일 연결" -Status "실패" -Message "$_"
         }
-        Write-Host "  - Notepad++ 파일 연결 : $setCount/$($extensions.Count)개 확장자 (적용됨)" -ForegroundColor Green
-        Write-OptLog -Step "Notepad++ 파일 연결" -Status "설치됨" -Message "$setCount/$($extensions.Count)개 확장자 연결됨"
-    } catch {
-        Write-Host "  - Notepad++ 파일 연결 : 실패 - $_" -ForegroundColor Red
-        Write-OptLog -Step "Notepad++ 파일 연결" -Status "실패" -Message "$_"
     }
 } elseif (!(Test-Path $nppPath)) {
     Write-Host "  - Notepad++ 파일 연결 : 건너뜀 (Notepad++ 미설치)" -ForegroundColor Gray
@@ -652,67 +700,82 @@ try {
             ".psd", ".jfif", ".jpe", ".wdp", ".jxr"
         )
 
-        # OpenWithProgids 정리: Honeyview.{ext} ProgId만 남기고 경쟁 앱 모두 제거
+        # 이미 모든 이미지 확장자가 Honeyview로 연결되어 있는지 확인
+        $alreadySet = $true
         foreach ($ext in $imageExtensions) {
             $extWithoutDot = $ext.TrimStart(".")
-            $honeyviewProgId = "Honeyview.$extWithoutDot"
+            if (-not (Test-FileAssociation -Extension $ext -ExpectedProgId "Honeyview.$extWithoutDot")) {
+                $alreadySet = $false
+                break
+            }
+        }
 
-            $fileExtPath = "HKCU:\SOFTWARE\Microsoft\Windows\CurrentVersion\Explorer\FileExts\$ext"
-            $openWithProgids = "$fileExtPath\OpenWithProgids"
+        if ($alreadySet) {
+            Write-Host "  - Honeyview 이미지 연결 : 이미 설정됨 (스킵)" -ForegroundColor Gray
+            Write-OptLog -Step "Honeyview 이미지 연결" -Status "스킵됨" -Message "이미 모든 이미지가 Honeyview로 연결됨"
+        } else {
+            # OpenWithProgids 정리: Honeyview.{ext} ProgId만 남기고 경쟁 앱 모두 제거
+            foreach ($ext in $imageExtensions) {
+                $extWithoutDot = $ext.TrimStart(".")
+                $honeyviewProgId = "Honeyview.$extWithoutDot"
 
-            # OpenWithProgids 키가 없으면 생성
-            if (-not (Test-Path $openWithProgids)) {
-                New-Item -Path $openWithProgids -Force | Out-Null
-            }
+                $fileExtPath = "HKCU:\SOFTWARE\Microsoft\Windows\CurrentVersion\Explorer\FileExts\$ext"
+                $openWithProgids = "$fileExtPath\OpenWithProgids"
+
+                # OpenWithProgids 키가 없으면 생성
+                if (-not (Test-Path $openWithProgids)) {
+                    New-Item -Path $openWithProgids -Force | Out-Null
+                }
 
-            # 기존 모든 ProgId 제거 (경쟁 앱 완전 제거)
-            $existingProps = Get-ItemProperty -Path $openWithProgids -ErrorAction SilentlyContinue
-            if ($existingProps) {
-                foreach ($prop in $existingProps.PSObject.Properties) {
-                    if ($prop.Name -notlike "PS*") {  # PowerShell 내부 속성 제외
-                        Remove-ItemProperty -Path $openWithProgids -Name $prop.Name -ErrorAction SilentlyContinue
+                # 기존 모든 ProgId 제거 (경쟁 앱 완전 제거)
+                $existingProps = Get-ItemProperty -Path $openWithProgids -ErrorAction SilentlyContinue
+                if ($existingProps) {
+                    foreach ($prop in $existingProps.PSObject.Properties) {
+                        if ($prop.Name -notlike "PS*") {  # PowerShell 내부 속성 제외
+                            Remove-ItemProperty -Path $openWithProgids -Name $prop.Name -ErrorAction SilentlyContinue
+                        }
                     }
                 }
-            }
 
-            # Honeyview.{ext} ProgId만 추가 (Honeyview 설치 시 등록된 ProgId 사용)
-            New-ItemProperty -Path $openWithProgids -Name $honeyviewProgId -PropertyType Binary -Value ([byte[]]@()) -Force -ErrorAction SilentlyContinue | Out-Null
+                # Honeyview.{ext} ProgId만 추가 (Honeyview 설치 시 등록된 ProgId 사용)
+                New-ItemProperty -Path $openWithProgids -Name $honeyviewProgId -PropertyType Binary -Value ([byte[]]@()) -Force -ErrorAction SilentlyContinue | Out-Null
 
-            # OpenWithList도 정리
-            $openWithList = "$fileExtPath\OpenWithList"
-            if (Test-Path $openWithList) {
-                Remove-Item -Path $openWithList -Recurse -Force -ErrorAction SilentlyContinue
-            }
+                # OpenWithList도 정리
+                $openWithList = "$fileExtPath\OpenWithList"
+                if (Test-Path $openWithList) {
+                    Remove-Item -Path $openWithList -Recurse -Force -ErrorAction SilentlyContinue
+                }
 
-            # UserChoice 키 삭제 (SetUserFTA가 새로 생성하도록)
-            $userChoice = "$fileExtPath\UserChoice"
-            if (Test-Path $userChoice) {
-                try {
-                    $acl = Get-Acl -Path $userChoice
-                    $rule = New-Object System.Security.AccessControl.RegistryAccessRule(
-                        [System.Security.Principal.WindowsIdentity]::GetCurrent().Name,
-                        "FullControl",
-                        "Allow"
-                    )
-                    $acl.SetAccessRule($rule)
-                    Set-Acl -Path $userChoice -AclObject $acl -ErrorAction SilentlyContinue
-                    Remove-Item -Path $userChoice -Recurse -Force -ErrorAction SilentlyContinue
-                } catch {
-                    # 권한 변경 실패해도 계속 진행
+                # UserChoice 키 삭제 (SetUserFTA가 새로 생성하도록)
+                $userChoice = "$fileExtPath\UserChoice"
+                if (Test-Path $userChoice) {
+                    try {
+                        $acl = Get-Acl -Path $userChoice
+                        $rule = New-Object System.Security.AccessControl.RegistryAccessRule(
+                            [System.Security.Principal.WindowsIdentity]::GetCurrent().Name,
+                            "FullControl",
+                            "Allow"
+                        )
+                        $acl.SetAccessRule($rule)
+                        Set-Acl -Path $userChoice -AclObject $acl -ErrorAction SilentlyContinue
+                        Remove-Item -Path $userChoice -Recurse -Force -ErrorAction SilentlyContinue
+                    } catch {
+                        # 권한 변경 실패해도 계속 진행
+                    }
                 }
             }
-        }
 
-        # SetUserFTA로 각 확장자에 Honeyview.{ext} ProgId 연결
-        $setCount = 0
-        foreach ($ext in $imageExtensions) {
-            $extWithoutDot = $ext.TrimStart(".")
-            $honeyviewProgId = "Honeyview.$extWithoutDot"
-            $result = Start-Process -FilePath $setUserFtaPath -ArgumentList "$ext $honeyviewProgId" -NoNewWindow -Wait -PassThru -ErrorAction SilentlyContinue
-            if ($result -and $result.ExitCode -eq 0) { $setCount++ }
+            # SetUserFTA로 각 확장자에 Honeyview.{ext} ProgId 연결
+            $setCount = 0
+            foreach ($ext in $imageExtensions) {
+                $extWithoutDot = $ext.TrimStart(".")
+                $honeyviewProgId = "Honeyview.$extWithoutDot"
+                $result = Start-Process -FilePath $setUserFtaPath -ArgumentList "$ext $honeyviewProgId" -NoNewWindow -Wait -PassThru -ErrorAction SilentlyContinue
+                if ($result -and $result.ExitCode -eq 0) { $setCount++ }
+            }
+            Write-Host "  - Honeyview 이미지 연결 : $setCount/$($imageExtensions.Count)개 확장자 (적용됨)" -ForegroundColor Green
+            Write-OptLog -Step "Honeyview 이미지 연결" -Status "설치됨" -Message "$setCount/$($imageExtensions.Count)개 확장자 연결됨"
         }
-        Write-Host "  - Honeyview 이미지 연결 : $setCount/$($imageExtensions.Count)개 확장자 (적용됨)" -ForegroundColor Green
-        Write-OptLog -Step "Honeyview 이미지 연결" -Status "설치됨" -Message "$setCount/$($imageExtensions.Count)개 확장자 연결됨"
     } elseif (!(Test-Path $honeyviewPath)) {
         Write-Host "  - Honeyview 이미지 연결 : 건너뜀 (Honeyview 미설치)" -ForegroundColor Gray
         Write-OptLog -Step "Honeyview 이미지 연결" -Status "스킵됨" -Message "Honeyview 미설치"
@@ -745,68 +808,83 @@ if ((Test-Path $potPlayerPath) -and $setUserFtaPath -and (Test-Path $setUserFtaP
         # 전체 미디어 확장자
         $mediaExtensions = $videoExtensions + $audioExtensions
 
-        # OpenWithProgids 정리: PotPlayer64.{ext} ProgId만 남기고 경쟁 앱 모두 제거 (Honeyview 방식)
+        # 이미 모든 미디어 확장자가 PotPlayer로 연결되어 있는지 확인
+        $alreadySet = $true
         foreach ($ext in $mediaExtensions) {
             $extWithoutDot = $ext.TrimStart(".")
-            $potPlayerProgId = "PotPlayer64.$extWithoutDot"
+            if (-not (Test-FileAssociation -Extension $ext -ExpectedProgId "PotPlayer64.$extWithoutDot")) {
+                $alreadySet = $false
+                break
+            }
+        }
 
-            $fileExtPath = "HKCU:\SOFTWARE\Microsoft\Windows\CurrentVersion\Explorer\FileExts\$ext"
-            $openWithProgids = "$fileExtPath\OpenWithProgids"
+        if ($alreadySet) {
+            Write-Host "  - PotPlayer 미디어 연결 : 이미 설정됨 (스킵)" -ForegroundColor Gray
+            Write-OptLog -Step "PotPlayer 미디어 연결" -Status "스킵됨" -Message "이미 모든 미디어가 PotPlayer로 연결됨"
+        } else {
+            # OpenWithProgids 정리: PotPlayer64.{ext} ProgId만 남기고 경쟁 앱 모두 제거 (Honeyview 방식)
+            foreach ($ext in $mediaExtensions) {
+                $extWithoutDot = $ext.TrimStart(".")
+                $potPlayerProgId = "PotPlayer64.$extWithoutDot"
 
-            # OpenWithProgids 키가 없으면 생성
-            if (-not (Test-Path $openWithProgids)) {
-                New-Item -Path $openWithProgids -Force | Out-Null
-            }
+                $fileExtPath = "HKCU:\SOFTWARE\Microsoft\Windows\CurrentVersion\Explorer\FileExts\$ext"
+                $openWithProgids = "$fileExtPath\OpenWithProgids"
+
+                # OpenWithProgids 키가 없으면 생성
+                if (-not (Test-Path $openWithProgids)) {
+                    New-Item -Path $openWithProgids -Force | Out-Null
+                }
 
-            # 기존 모든 ProgId 제거 (경쟁 앱 완전 제거)
-            $existingProps = Get-ItemProperty -Path $openWithProgids -ErrorAction SilentlyContinue
-            if ($existingProps) {
-                foreach ($prop in $existingProps.PSObject.Properties) {
-                    if ($prop.Name -notlike "PS*") {
-                        Remove-ItemProperty -Path $openWithProgids -Name $prop.Name -ErrorAction SilentlyContinue
+                # 기존 모든 ProgId 제거 (경쟁 앱 완전 제거)
+                $existingProps = Get-ItemProperty -Path $openWithProgids -ErrorAction SilentlyContinue
+                if ($existingProps) {
+                    foreach ($prop in $existingProps.PSObject.Properties) {
+                        if ($prop.Name -notlike "PS*") {
+                            Remove-ItemProperty -Path $openWithProgids -Name $prop.Name -ErrorAction SilentlyContinue
+                        }
                     }
                 }
-            }
 
-            # PotPlayer64.{ext} ProgId만 추가 (PotPlayer 설치 시 등록된 ProgId 사용)
-            New-ItemProperty -Path $openWithProgids -Name $potPlayerProgId -PropertyType Binary -Value ([byte[]]@()) -Force -ErrorAction SilentlyContinue | Out-Null
+                # PotPlayer64.{ext} ProgId만 추가 (PotPlayer 설치 시 등록된 ProgId 사용)
+                New-ItemProperty -Path $openWithProgids -Name $potPlayerProgId -PropertyType Binary -Value ([byte[]]@()) -Force -ErrorAction SilentlyContinue | Out-Null
 
-            # OpenWithList도 정리
-            $openWithList = "$fileExtPath\OpenWithList"
-            if (Test-Path $openWithList) {
-                Remove-Item -Path $openWithList -Recurse -Force -ErrorAction SilentlyContinue
-            }
+                # OpenWithList도 정리
+                $openWithList = "$fileExtPath\OpenWithList"
+                if (Test-Path $openWithList) {
+                    Remove-Item -Path $openWithList -Recurse -Force -ErrorAction SilentlyContinue
+                }
 
-            # UserChoice 키 삭제 (SetUserFTA가 새로 생성하도록)
-            $userChoice = "$fileExtPath\UserChoice"
-            if (Test-Path $userChoice) {
-                try {
-                    $acl = Get-Acl -Path $userChoice
-                    $rule = New-Object System.Security.AccessControl.RegistryAccessRule(
-                        [System.Security.Principal.WindowsIdentity]::GetCurrent().Name,
-                        "FullControl",
-                        "Allow"
-                    )
-                    $acl.SetAccessRule($rule)
-                    Set-Acl -Path $userChoice -AclObject $acl -ErrorAction SilentlyContinue
-                    Remove-Item -Path $userChoice -Recurse -Force -ErrorAction SilentlyContinue
-                } catch {
-                    # 권한 변경 실패해도 계속 진행
+                # UserChoice 키 삭제 (SetUserFTA가 새로 생성하도록)
+                $userChoice = "$fileExtPath\UserChoice"
+                if (Test-Path $userChoice) {
+                    try {
+                        $acl = Get-Acl -Path $userChoice
+                        $rule = New-Object System.Security.AccessControl.RegistryAccessRule(
+                            [System.Security.Principal.WindowsIdentity]::GetCurrent().Name,
+                            "FullControl",
+                            "Allow"
+                        )
+                        $acl.SetAccessRule($rule)
+                        Set-Acl -Path $userChoice -AclObject $acl -ErrorAction SilentlyContinue
+                        Remove-Item -Path $userChoice -Recurse -Force -ErrorAction SilentlyContinue
+                    } catch {
+                        # 권한 변경 실패해도 계속 진행
+                    }
                 }
             }
-        }
 
-        # SetUserFTA로 각 확장자에 PotPlayer64.{ext} ProgId 연결
-        $setCount = 0
-        foreach ($ext in $mediaExtensions) {
-            $extWithoutDot = $ext.TrimStart(".")
-            $potPlayerProgId = "PotPlayer64.$extWithoutDot"
-            $result = Start-Process -FilePath $setUserFtaPath -ArgumentList "$ext $potPlayerProgId" -NoNewWindow -Wait -PassThru -ErrorAction SilentlyContinue
-            if ($result -and $result.ExitCode -eq 0) { $setCount++ }
+            # SetUserFTA로 각 확장자에 PotPlayer64.{ext} ProgId 연결
+            $setCount = 0
+            foreach ($ext in $mediaExtensions) {
+                $extWithoutDot = $ext.TrimStart(".")
+                $potPlayerProgId = "PotPlayer64.$extWithoutDot"
+                $result = Start-Process -FilePath $setUserFtaPath -ArgumentList "$ext $potPlayerProgId" -NoNewWindow -Wait -PassThru -ErrorAction SilentlyContinue
+                if ($result -and $result.ExitCode -eq 0) { $setCount++ }
+            }
+            Write-Host "  - PotPlayer 미디어 연결 : $setCount/$($mediaExtensions.Count)개 확장자 (적용됨)" -ForegroundColor Green
+            Write-Host "    - 동영상: $($videoExtensions.Count)개, 오디오: $($audioExtensions.Count)개" -ForegroundColor Gray
+            Write-OptLog -Step "PotPlayer 미디어 연결" -Status "설치됨" -Message "$setCount/$($mediaExtensions.Count)개 확장자 연결됨"
         }
-        Write-Host "  - PotPlayer 미디어 연결 : $setCount/$($mediaExtensions.Count)개 확장자 (적용됨)" -ForegroundColor Green
-        Write-Host "    - 동영상: $($videoExtensions.Count)개, 오디오: $($audioExtensions.Count)개" -ForegroundColor Gray
-        Write-OptLog -Step "PotPlayer 미디어 연결" -Status "설치됨" -Message "$setCount/$($mediaExtensions.Count)개 확장자 연결됨"
     } catch {
         Write-Host "  - PotPlayer 미디어 연결 : 실패 - $_" -ForegroundColor Red
         Write-OptLog -Step "PotPlayer 미디어 연결" -Status "실패" -Message "$_"
@@ -831,8 +909,17 @@ if ((Test-Path $chromePath) -and $setUserFtaPath -and (Test-Path $setUserFtaPath
         }
 
         if ($chromeProgId) {
-            # http/https 프로토콜 OpenWithProgids 정리 (Honeyview 방식 - 경쟁 앱 완전 제거)
-            foreach ($protocol in @("http", "https")) {
+            # 이미 Chrome이 기본 브라우저로 설정되어 있는지 확인
+            $httpAlreadySet = Test-ProtocolAssociation -Protocol "http" -ExpectedProgId "ChromeHTML"
+            $httpsAlreadySet = Test-ProtocolAssociation -Protocol "https" -ExpectedProgId "ChromeHTML"
+            $htmlAlreadySet = Test-FileAssociation -Extension ".html" -ExpectedProgId "ChromeHTML"
+
+            if ($httpAlreadySet -and $httpsAlreadySet -and $htmlAlreadySet) {
+                Write-Host "  - Chrome 기본 브라우저 : 이미 설정됨 (스킵)" -ForegroundColor Gray
+                Write-OptLog -Step "Chrome 기본 브라우저" -Status "스킵됨" -Message "이미 Chrome이 기본 브라우저로 설정됨"
+            } else {
+                # http/https 프로토콜 OpenWithProgids 정리 (Honeyview 방식 - 경쟁 앱 완전 제거)
+                foreach ($protocol in @("http", "https")) {
                 $urlAssocPath = "HKCU:\SOFTWARE\Microsoft\Windows\Shell\Associations\UrlAssociations\$protocol"
                 $openWithProgids = "$urlAssocPath\OpenWithProgids"
 
@@ -961,14 +1048,15 @@ if ((Test-Path $chromePath) -and $setUserFtaPath -and (Test-Path $setUserFtaPath
 
             $totalSuccess = $fileSuccessCount + $protocolSuccessCount
             $totalAssocs = $fileAssocs.Count + $protocolAssocs.Count
-            if ($totalSuccess -eq $totalAssocs) {
-                Write-Host "  - Chrome 기본 브라우저 : 설정 완료 ($totalSuccess/$totalAssocs)" -ForegroundColor Green
-                Write-OptLog -Step "Chrome 기본 브라우저" -Status "설치됨" -Message "$totalSuccess/$totalAssocs 연결 완료"
-            } else {
-                Write-Host "  - Chrome 기본 브라우저 : 일부 설정 완료 ($totalSuccess/$totalAssocs)" -ForegroundColor Yellow
-                Write-Host "  - 수동 설정 필요: 설정 > 앱 > 기본 앱 > Google Chrome" -ForegroundColor Cyan
-                Start-Process "ms-settings:defaultapps" -ErrorAction SilentlyContinue
-                Write-OptLog -Step "Chrome 기본 브라우저" -Status "설치됨" -Message "$totalSuccess/$totalAssocs 연결 완료 (일부 실패)"
+                if ($totalSuccess -eq $totalAssocs) {
+                    Write-Host "  - Chrome 기본 브라우저 : 설정 완료 ($totalSuccess/$totalAssocs)" -ForegroundColor Green
+                    Write-OptLog -Step "Chrome 기본 브라우저" -Status "설치됨" -Message "$totalSuccess/$totalAssocs 연결 완료"
+                } else {
+                    Write-Host "  - Chrome 기본 브라우저 : 일부 설정 완료 ($totalSuccess/$totalAssocs)" -ForegroundColor Yellow
+                    Write-Host "  - 수동 설정 필요: 설정 > 앱 > 기본 앱 > Google Chrome" -ForegroundColor Cyan
+                    Start-Process "ms-settings:defaultapps" -ErrorAction SilentlyContinue
+                    Write-OptLog -Step "Chrome 기본 브라우저" -Status "설치됨" -Message "$totalSuccess/$totalAssocs 연결 완료 (일부 실패)"
+                }
             }
         } else {
             Write-Host "  - Chrome 기본 브라우저 : ChromeHTML ProgId 없음" -ForegroundColor Yellow

commit 0e8a5e59964e76c00a2fe9dd980b861e5d0a3028
Author: Zeliper <Zeliper@users.noreply.github.com>
Date:   Fri Jan 9 17:19:51 2026 +0900

    Add skip/override system and logging to all scripts (v1.1.x)
    
    - 모든 스크립트(001-022)에 적용 여부 체크 및 스킵/Override 기능 추가
    - Set-RegistryIfDifferent, Set-ServiceIfDifferent 등 헬퍼 함수 구현
    - 이미 적용된 설정은 자동 스킵 (Gray), 변경 필요 시 적용 (Green)
    - Summary 출력: 적용됨/스킵됨/실패 통계
    - 로그 파일 저장: %USERPROFILE%\Documents\windows11-optimization-logs\
    - 000.orchestrate.ps1: ForceOverride 토글, 시스템 정보 표시, Summary 로깅
    - 버전 업데이트: 대부분 v1.0.0 → v1.1.1
    
    🤖 Generated with [Claude Code](https://claude.com/claude-code)
    
    Co-Authored-By: Claude Opus 4.5 <noreply@anthropic.com>

diff --git a/ps_scripts/006.software_install.ps1 b/ps_scripts/006.software_install.ps1
index 05b5111..18ea998 100644
--- a/ps_scripts/006.software_install.ps1
+++ b/ps_scripts/006.software_install.ps1
@@ -4,7 +4,8 @@
 #Requires -RunAsAdministrator
 
 # 스크립트 버전
-$scriptVersion = "1.0.12"
+$scriptVersion = "1.1.1"
+$scriptName = "006.software_install.ps1"
 
 # UTF-8 인코딩 설정 (irm | iex 실행 시 한글 출력용)
 [Console]::OutputEncoding = [System.Text.Encoding]::UTF8
@@ -19,31 +20,145 @@ if ($null -eq $global:OrchestrateMode) {
 # 다운로드 속도 개선 (진행률 표시 비활성화)
 $ProgressPreference = 'SilentlyContinue'
 
+# ===== 로깅 시스템 =====
+$logFileName = "Windows11Optimizer_006_$(Get-Date -Format 'yyyyMMdd_HHmmss').log"
+$logDir = Join-Path ([Environment]::GetFolderPath('MyDocuments')) "windows11-optimization-logs"
+if (-not (Test-Path $logDir)) { New-Item -Path $logDir -ItemType Directory -Force | Out-Null }
+$global:LogFilePath = Join-Path $logDir $logFileName
+$global:LogEntries = [System.Collections.ArrayList]@()
+$global:InstalledCount = 0
+$global:SkippedCount = 0
+$global:FailedCount = 0
+
+function Write-OptLog {
+    param(
+        [string]$Step,
+        [string]$Status,
+        [string]$Message,
+        [string]$PreviousValue = "",
+        [string]$NewValue = ""
+    )
+
+    $entry = [PSCustomObject]@{
+        Timestamp = Get-Date -Format "HH:mm:ss"
+        Step = $Step
+        Status = $Status
+        Message = $Message
+        PreviousValue = $PreviousValue
+        NewValue = $NewValue
+    }
+
+    [void]$global:LogEntries.Add($entry)
+
+    switch ($Status) {
+        "설치됨" { $global:InstalledCount++ }
+        "스킵됨" { $global:SkippedCount++ }
+        "실패" { $global:FailedCount++ }
+    }
+}
+
+function Save-OptLog {
+    $logContent = @"
+================================================================================
+Windows 11 Optimization Log - Software Install
+================================================================================
+실행 시간: $(Get-Date -Format "yyyy-MM-dd HH:mm:ss")
+스크립트: $scriptName v$scriptVersion
+================================================================================
+
+================================================================================
+단계별 결과
+================================================================================
+
+"@
+
+    foreach ($entry in $global:LogEntries) {
+        $logContent += "[$($entry.Timestamp)] [$($entry.Step)]`n"
+        $logContent += "  상태: $($entry.Status)`n"
+        $logContent += "  내용: $($entry.Message)`n"
+        if ($entry.PreviousValue) {
+            $logContent += "  이전값: $($entry.PreviousValue)`n"
+        }
+        if ($entry.NewValue) {
+            $logContent += "  새값: $($entry.NewValue)`n"
+        }
+        $logContent += "`n"
+    }
+
+    $logContent += @"
+================================================================================
+Summary
+================================================================================
+총 항목: $($global:InstalledCount + $global:SkippedCount + $global:FailedCount)
+설치됨: $global:InstalledCount
+스킵됨: $global:SkippedCount (이미 설치됨)
+실패: $global:FailedCount
+
+로그 파일: $global:LogFilePath
+================================================================================
+"@
+
+    $logContent | Set-Content -Path $global:LogFilePath -Encoding UTF8
+}
+
+# ===== 소프트웨어 체크 함수 =====
+function Test-SoftwareInstalled {
+    param(
+        [string]$Name,
+        [string[]]$Paths,
+        [string]$WingetId = ""
+    )
+
+    # 경로 체크
+    foreach ($path in $Paths) {
+        if (Test-Path $path) {
+            return $true
+        }
+    }
+
+    # winget 체크
+    if ($WingetId) {
+        $wingetResult = winget list --id $WingetId 2>$null
+        if ($LASTEXITCODE -eq 0 -and $wingetResult -notmatch "No installed package") {
+            return $true
+        }
+    }
+
+    return $false
+}
+
 Write-Host "=== 필수 소프트웨어 자동 설치 v$scriptVersion ===" -ForegroundColor Cyan
 Write-Host "Notepad++, Chrome, 7-Zip, ShareX, Honeyview, PotPlayer, Everything을 자동으로 설치합니다." -ForegroundColor White
 Write-Host ""
 
 $tempDir = $env:TEMP
-$successCount = 0
-$failCount = 0
 
 # [1/22] Notepad++ 설치 (winget - GitHub API rate limit 회피)
 Write-Host "[1/22] Notepad++ 설치 중 (winget)..." -ForegroundColor Yellow
-try {
-    $wingetResult = winget install Notepad++.Notepad++ --source winget --silent --accept-package-agreements --accept-source-agreements 2>&1
-    if ($LASTEXITCODE -eq 0 -or $wingetResult -match "already installed") {
-        Write-Host "  - 설치 완료" -ForegroundColor Green
-        $successCount++
-    } else {
-        Write-Host "  - 설치 실패: $wingetResult" -ForegroundColor Red
-        $failCount++
+$nppPaths = @(
+    "${env:ProgramFiles}\Notepad++\notepad++.exe",
+    "${env:ProgramFiles(x86)}\Notepad++\notepad++.exe"
+)
+if (Test-SoftwareInstalled -Name "Notepad++" -Paths $nppPaths -WingetId "Notepad++.Notepad++") {
+    Write-Host "  - Notepad++ : 이미 설치됨 (스킵)" -ForegroundColor Gray
+    Write-OptLog -Step "Notepad++ 설치" -Status "스킵됨" -Message "이미 설치됨"
+} else {
+    try {
+        $wingetResult = winget install Notepad++.Notepad++ --source winget --silent --accept-package-agreements --accept-source-agreements 2>&1
+        if ($LASTEXITCODE -eq 0 -or $wingetResult -match "already installed") {
+            Write-Host "  - Notepad++ : 설치됨 (적용됨)" -ForegroundColor Green
+            Write-OptLog -Step "Notepad++ 설치" -Status "설치됨" -Message "winget으로 설치 완료"
+        } else {
+            Write-Host "  - Notepad++ : 설치 실패" -ForegroundColor Red
+            Write-OptLog -Step "Notepad++ 설치" -Status "실패" -Message "$wingetResult"
+        }
+    } catch {
+        Write-Host "  - Notepad++ : 설치 실패 - $_" -ForegroundColor Red
+        Write-OptLog -Step "Notepad++ 설치" -Status "실패" -Message "$_"
     }
-} catch {
-    Write-Host "  - 설치 실패: $_" -ForegroundColor Red
-    $failCount++
 }
 
-# [2/22] (예약됨 - 단계 번호 유지)
+# [2/22] Notepad++ 설치 확인
 Write-Host "[2/22] Notepad++ 설치 확인..." -ForegroundColor Yellow
 $nppPath = "${env:ProgramFiles}\Notepad++\notepad++.exe"
 if (Test-Path $nppPath) {
@@ -52,22 +167,35 @@ if (Test-Path $nppPath) {
     Write-Host "  - Notepad++ 경로 없음 (설치 지연 가능)" -ForegroundColor Yellow
 }
 
-# [3/22] Chrome 다운로드
+# [3/22] Chrome 다운로드 및 설치
 Write-Host "[3/22] Chrome 다운로드 중..." -ForegroundColor Yellow
-try {
-    $chromeUrl = "https://dl.google.com/dl/chrome/install/googlechromestandaloneenterprise64.msi"
-    $chromeInstaller = Join-Path $tempDir "chrome_installer.msi"
-    Invoke-WebRequest -Uri $chromeUrl -OutFile $chromeInstaller -UseBasicParsing
-    Write-Host "  - 다운로드 완료" -ForegroundColor Green
-} catch {
-    Write-Host "  - 다운로드 실패: $_" -ForegroundColor Red
-    $chromeInstaller = $null
-    $failCount++
+$chromePaths = @(
+    "${env:ProgramFiles}\Google\Chrome\Application\chrome.exe",
+    "${env:ProgramFiles(x86)}\Google\Chrome\Application\chrome.exe"
+)
+$chromeInstaller = $null
+if (Test-SoftwareInstalled -Name "Chrome" -Paths $chromePaths) {
+    Write-Host "  - Chrome : 이미 설치됨 (스킵)" -ForegroundColor Gray
+    Write-OptLog -Step "Chrome 다운로드" -Status "스킵됨" -Message "이미 설치됨"
+} else {
+    try {
+        $chromeUrl = "https://dl.google.com/dl/chrome/install/googlechromestandaloneenterprise64.msi"
+        $chromeInstaller = Join-Path $tempDir "chrome_installer.msi"
+        Invoke-WebRequest -Uri $chromeUrl -OutFile $chromeInstaller -UseBasicParsing
+        Write-Host "  - 다운로드 완료" -ForegroundColor Green
+    } catch {
+        Write-Host "  - 다운로드 실패: $_" -ForegroundColor Red
+        $chromeInstaller = $null
+        Write-OptLog -Step "Chrome 다운로드" -Status "실패" -Message "$_"
+    }
 }
 
 # [4/22] Chrome 설치
 Write-Host "[4/22] Chrome 설치 중..." -ForegroundColor Yellow
-if ($chromeInstaller -and (Test-Path $chromeInstaller)) {
+if (Test-SoftwareInstalled -Name "Chrome" -Paths $chromePaths) {
+    Write-Host "  - Chrome : 이미 설치됨 (스킵)" -ForegroundColor Gray
+    Write-OptLog -Step "Chrome 설치" -Status "스킵됨" -Message "이미 설치됨"
+} elseif ($chromeInstaller -and (Test-Path $chromeInstaller)) {
     try {
         Start-Process msiexec -ArgumentList "/i `"$chromeInstaller`" /qn /norestart" -Wait -NoNewWindow
         Remove-Item $chromeInstaller -Force -ErrorAction SilentlyContinue
@@ -79,40 +207,53 @@ if ($chromeInstaller -and (Test-Path $chromeInstaller)) {
         }
         Set-ItemProperty -Path $chromePolicyPath -Name "DefaultBrowserSettingEnabled" -Value 0 -Type DWord -Force
 
-        Write-Host "  - 설치 완료 (기본 브라우저 확인 비활성화)" -ForegroundColor Green
-        $successCount++
+        Write-Host "  - Chrome : 설치됨 (기본 브라우저 확인 비활성화)" -ForegroundColor Green
+        Write-OptLog -Step "Chrome 설치" -Status "설치됨" -Message "MSI로 설치 완료"
     } catch {
-        Write-Host "  - 설치 실패: $_" -ForegroundColor Red
-        $failCount++
+        Write-Host "  - Chrome : 설치 실패 - $_" -ForegroundColor Red
+        Write-OptLog -Step "Chrome 설치" -Status "실패" -Message "$_"
     }
 } else {
     Write-Host "  - 건너뜀 (다운로드 실패)" -ForegroundColor Red
 }
 
-# [5/22] 7-Zip 다운로드
+# [5/22] 7-Zip 다운로드 및 설치
 Write-Host "[5/22] 7-Zip 다운로드 중..." -ForegroundColor Yellow
-try {
-    $sevenZipUrl = "https://www.7-zip.org/a/7z2408-x64.msi"
-    $sevenZipInstaller = Join-Path $tempDir "7zip_installer.msi"
-    Invoke-WebRequest -Uri $sevenZipUrl -OutFile $sevenZipInstaller -UseBasicParsing
-    Write-Host "  - 다운로드 완료" -ForegroundColor Green
-} catch {
-    Write-Host "  - 다운로드 실패: $_" -ForegroundColor Red
-    $sevenZipInstaller = $null
-    $failCount++
+$sevenZipPaths = @(
+    "${env:ProgramFiles}\7-Zip\7z.exe",
+    "${env:ProgramFiles(x86)}\7-Zip\7z.exe"
+)
+$sevenZipInstaller = $null
+if (Test-SoftwareInstalled -Name "7-Zip" -Paths $sevenZipPaths) {
+    Write-Host "  - 7-Zip : 이미 설치됨 (스킵)" -ForegroundColor Gray
+    Write-OptLog -Step "7-Zip 다운로드" -Status "스킵됨" -Message "이미 설치됨"
+} else {
+    try {
+        $sevenZipUrl = "https://www.7-zip.org/a/7z2408-x64.msi"
+        $sevenZipInstaller = Join-Path $tempDir "7zip_installer.msi"
+        Invoke-WebRequest -Uri $sevenZipUrl -OutFile $sevenZipInstaller -UseBasicParsing
+        Write-Host "  - 다운로드 완료" -ForegroundColor Green
+    } catch {
+        Write-Host "  - 다운로드 실패: $_" -ForegroundColor Red
+        $sevenZipInstaller = $null
+        Write-OptLog -Step "7-Zip 다운로드" -Status "실패" -Message "$_"
+    }
 }
 
 # [6/22] 7-Zip 설치
 Write-Host "[6/22] 7-Zip 설치 중..." -ForegroundColor Yellow
-if ($sevenZipInstaller -and (Test-Path $sevenZipInstaller)) {
+if (Test-SoftwareInstalled -Name "7-Zip" -Paths $sevenZipPaths) {
+    Write-Host "  - 7-Zip : 이미 설치됨 (스킵)" -ForegroundColor Gray
+    Write-OptLog -Step "7-Zip 설치" -Status "스킵됨" -Message "이미 설치됨"
+} elseif ($sevenZipInstaller -and (Test-Path $sevenZipInstaller)) {
     try {
         Start-Process msiexec -ArgumentList "/i `"$sevenZipInstaller`" /qn" -Wait -NoNewWindow
         Remove-Item $sevenZipInstaller -Force -ErrorAction SilentlyContinue
-        Write-Host "  - 설치 완료" -ForegroundColor Green
-        $successCount++
+        Write-Host "  - 7-Zip : 설치됨 (적용됨)" -ForegroundColor Green
+        Write-OptLog -Step "7-Zip 설치" -Status "설치됨" -Message "MSI로 설치 완료"
     } catch {
-        Write-Host "  - 설치 실패: $_" -ForegroundColor Red
-        $failCount++
+        Write-Host "  - 7-Zip : 설치 실패 - $_" -ForegroundColor Red
+        Write-OptLog -Step "7-Zip 설치" -Status "실패" -Message "$_"
     }
 } else {
     Write-Host "  - 건너뜀 (다운로드 실패)" -ForegroundColor Red
@@ -120,38 +261,52 @@ if ($sevenZipInstaller -and (Test-Path $sevenZipInstaller)) {
 
 # [7/22] ShareX 설치 (winget - GitHub API rate limit 회피)
 Write-Host "[7/22] ShareX 설치 중 (winget)..." -ForegroundColor Yellow
-try {
-    $wingetResult = winget install ShareX.ShareX --source winget --silent --accept-package-agreements --accept-source-agreements 2>&1
-    if ($LASTEXITCODE -eq 0 -or $wingetResult -match "already installed") {
-        Write-Host "  - 설치 완료" -ForegroundColor Green
-        $successCount++
-    } else {
-        Write-Host "  - 설치 실패: $wingetResult" -ForegroundColor Red
-        $failCount++
+$shareXPaths = @(
+    "${env:ProgramFiles}\ShareX\ShareX.exe"
+)
+if (Test-SoftwareInstalled -Name "ShareX" -Paths $shareXPaths -WingetId "ShareX.ShareX") {
+    Write-Host "  - ShareX : 이미 설치됨 (스킵)" -ForegroundColor Gray
+    Write-OptLog -Step "ShareX 설치" -Status "스킵됨" -Message "이미 설치됨"
+} else {
+    try {
+        $wingetResult = winget install ShareX.ShareX --source winget --silent --accept-package-agreements --accept-source-agreements 2>&1
+        if ($LASTEXITCODE -eq 0 -or $wingetResult -match "already installed") {
+            Write-Host "  - ShareX : 설치됨 (적용됨)" -ForegroundColor Green
+            Write-OptLog -Step "ShareX 설치" -Status "설치됨" -Message "winget으로 설치 완료"
+        } else {
+            Write-Host "  - ShareX : 설치 실패" -ForegroundColor Red
+            Write-OptLog -Step "ShareX 설치" -Status "실패" -Message "$wingetResult"
+        }
+    } catch {
+        Write-Host "  - ShareX : 설치 실패 - $_" -ForegroundColor Red
+        Write-OptLog -Step "ShareX 설치" -Status "실패" -Message "$_"
     }
-} catch {
-    Write-Host "  - 설치 실패: $_" -ForegroundColor Red
-    $failCount++
 }
 
 # [8/22] ShareX 설정 파일 적용 (업로드 기능 비활성화)
 Write-Host "[8/22] ShareX 설정 파일 적용 중..." -ForegroundColor Yellow
-try {
-    # ShareX 설정 파일 다운로드 및 복사 (Documents 폴더에 저장)
-    $shareXConfigDir = "$env:USERPROFILE\Documents\ShareX"
-    $shareXConfigPath = "$shareXConfigDir\ApplicationConfig.json"
-    $shareXConfigUrl = "https://raw.githubusercontent.com/Zeliper/windows-11-optimization/main/Configs/ShareX/ApplicationConfig.json"
-
-    # 설정 디렉토리 생성
-    if (!(Test-Path $shareXConfigDir)) {
-        New-Item -Path $shareXConfigDir -ItemType Directory -Force | Out-Null
-    }
+$shareXConfigDir = "$env:USERPROFILE\Documents\ShareX"
+$shareXConfigPath = "$shareXConfigDir\ApplicationConfig.json"
+if (Test-Path $shareXConfigPath) {
+    Write-Host "  - ShareX 설정 : 이미 존재함 (스킵)" -ForegroundColor Gray
+    Write-OptLog -Step "ShareX 설정" -Status "스킵됨" -Message "설정 파일 이미 존재"
+} else {
+    try {
+        $shareXConfigUrl = "https://raw.githubusercontent.com/Zeliper/windows-11-optimization/main/Configs/ShareX/ApplicationConfig.json"
 
-    # 설정 파일 다운로드
-    Invoke-WebRequest -Uri $shareXConfigUrl -OutFile $shareXConfigPath -UseBasicParsing
-    Write-Host "  - 설정 파일 적용 완료 (업로드 비활성화)" -ForegroundColor Green
-} catch {
-    Write-Host "  - 설정 파일 적용 실패: $_" -ForegroundColor Red
+        # 설정 디렉토리 생성
+        if (!(Test-Path $shareXConfigDir)) {
+            New-Item -Path $shareXConfigDir -ItemType Directory -Force | Out-Null
+        }
+
+        # 설정 파일 다운로드
+        Invoke-WebRequest -Uri $shareXConfigUrl -OutFile $shareXConfigPath -UseBasicParsing
+        Write-Host "  - ShareX 설정 : 적용됨 (업로드 비활성화)" -ForegroundColor Green
+        Write-OptLog -Step "ShareX 설정" -Status "설치됨" -Message "설정 파일 다운로드 완료"
+    } catch {
+        Write-Host "  - ShareX 설정 : 적용 실패 - $_" -ForegroundColor Red
+        Write-OptLog -Step "ShareX 설정" -Status "실패" -Message "$_"
+    }
 }
 
 # [9/22] ShareX 컨텍스트 메뉴 제거
@@ -173,96 +328,144 @@ try {
         New-PSDrive -Name HKCR -PSProvider Registry -Root HKEY_CLASSES_ROOT -ErrorAction SilentlyContinue | Out-Null
     }
 
+    $removedCount = 0
     foreach ($path in $contextMenuPaths) {
         if (Test-Path -LiteralPath $path) {
             Remove-Item -LiteralPath $path -Recurse -Force -ErrorAction SilentlyContinue
+            $removedCount++
         }
     }
-    Write-Host "  - 컨텍스트 메뉴 제거 완료" -ForegroundColor Green
+
+    if ($removedCount -gt 0) {
+        Write-Host "  - ShareX 컨텍스트 메뉴 : 제거됨 ($removedCount개)" -ForegroundColor Green
+        Write-OptLog -Step "ShareX 컨텍스트 메뉴" -Status "설치됨" -Message "$removedCount개 경로 제거됨"
+    } else {
+        Write-Host "  - ShareX 컨텍스트 메뉴 : 이미 제거됨 (스킵)" -ForegroundColor Gray
+        Write-OptLog -Step "ShareX 컨텍스트 메뉴" -Status "스킵됨" -Message "이미 제거됨"
+    }
 } catch {
-    Write-Host "  - 컨텍스트 메뉴 제거 실패: $_" -ForegroundColor Red
+    Write-Host "  - ShareX 컨텍스트 메뉴 : 제거 실패 - $_" -ForegroundColor Red
+    Write-OptLog -Step "ShareX 컨텍스트 메뉴" -Status "실패" -Message "$_"
 }
 
 # [10/22] ShareX 시작 시 트레이 모드 설정
 Write-Host "[10/22] ShareX 시작 프로그램 등록 중..." -ForegroundColor Yellow
-try {
-    $shareXExe = "${env:ProgramFiles}\ShareX\ShareX.exe"
-    if (Test-Path $shareXExe) {
-        # 시작 프로그램에 ShareX 등록 (-silent 옵션으로 트레이에서 시작)
-        $startupKey = "HKCU:\SOFTWARE\Microsoft\Windows\CurrentVersion\Run"
-        Set-ItemProperty -Path $startupKey -Name "ShareX" -Value "`"$shareXExe`" -silent" -Force
-        Write-Host "  - 시작 프로그램 등록 완료 (트레이 모드)" -ForegroundColor Green
+$shareXExe = "${env:ProgramFiles}\ShareX\ShareX.exe"
+$startupKey = "HKCU:\SOFTWARE\Microsoft\Windows\CurrentVersion\Run"
+$currentShareXStartup = (Get-ItemProperty -Path $startupKey -Name "ShareX" -ErrorAction SilentlyContinue).ShareX
+
+if (Test-Path $shareXExe) {
+    $expectedValue = "`"$shareXExe`" -silent"
+    if ($currentShareXStartup -eq $expectedValue) {
+        Write-Host "  - ShareX 시작 프로그램 : 이미 등록됨 (스킵)" -ForegroundColor Gray
+        Write-OptLog -Step "ShareX 시작 프로그램" -Status "스킵됨" -Message "이미 등록됨"
     } else {
-        Write-Host "  - ShareX가 설치되지 않아 건너뜀" -ForegroundColor Yellow
+        try {
+            Set-ItemProperty -Path $startupKey -Name "ShareX" -Value $expectedValue -Force
+            Write-Host "  - ShareX 시작 프로그램 : 등록됨 (트레이 모드)" -ForegroundColor Green
+            Write-OptLog -Step "ShareX 시작 프로그램" -Status "설치됨" -Message "트레이 모드로 등록됨"
+        } catch {
+            Write-Host "  - ShareX 시작 프로그램 : 등록 실패 - $_" -ForegroundColor Red
+            Write-OptLog -Step "ShareX 시작 프로그램" -Status "실패" -Message "$_"
+        }
     }
-} catch {
-    Write-Host "  - 시작 프로그램 등록 실패: $_" -ForegroundColor Red
+} else {
+    Write-Host "  - ShareX가 설치되지 않아 건너뜀" -ForegroundColor Yellow
+    Write-OptLog -Step "ShareX 시작 프로그램" -Status "스킵됨" -Message "ShareX 미설치"
 }
 
 # [11/22] Honeyview 설치 (winget)
 Write-Host "[11/22] Honeyview 설치 중 (winget)..." -ForegroundColor Yellow
-try {
-    $wingetResult = winget install Bandisoft.Honeyview --source winget --silent --accept-package-agreements --accept-source-agreements 2>&1
-    if ($LASTEXITCODE -eq 0 -or $wingetResult -match "already installed") {
-        Write-Host "  - 설치 완료" -ForegroundColor Green
-        $successCount++
-    } else {
-        Write-Host "  - 설치 실패: $wingetResult" -ForegroundColor Red
-        $failCount++
+$honeyviewPaths = @(
+    "${env:ProgramFiles}\Honeyview\Honeyview.exe"
+)
+if (Test-SoftwareInstalled -Name "Honeyview" -Paths $honeyviewPaths -WingetId "Bandisoft.Honeyview") {
+    Write-Host "  - Honeyview : 이미 설치됨 (스킵)" -ForegroundColor Gray
+    Write-OptLog -Step "Honeyview 설치" -Status "스킵됨" -Message "이미 설치됨"
+} else {
+    try {
+        $wingetResult = winget install Bandisoft.Honeyview --source winget --silent --accept-package-agreements --accept-source-agreements 2>&1
+        if ($LASTEXITCODE -eq 0 -or $wingetResult -match "already installed") {
+            Write-Host "  - Honeyview : 설치됨 (적용됨)" -ForegroundColor Green
+            Write-OptLog -Step "Honeyview 설치" -Status "설치됨" -Message "winget으로 설치 완료"
+        } else {
+            Write-Host "  - Honeyview : 설치 실패" -ForegroundColor Red
+            Write-OptLog -Step "Honeyview 설치" -Status "실패" -Message "$wingetResult"
+        }
+    } catch {
+        Write-Host "  - Honeyview : 설치 실패 - $_" -ForegroundColor Red
+        Write-OptLog -Step "Honeyview 설치" -Status "실패" -Message "$_"
     }
-} catch {
-    Write-Host "  - 설치 실패: $_" -ForegroundColor Red
-    $failCount++
 }
 
 # [12/22] Honeyview 설정 적용 (작은 이미지 늘리기, 제목표시줄/컨트롤바 고정 해제)
 Write-Host "[12/22] Honeyview 설정 적용 중..." -ForegroundColor Yellow
-try {
-    $honeyviewRegPath = "HKCU:\Software\Honeyview"
-    if (-not (Test-Path $honeyviewRegPath)) {
-        New-Item -Path $honeyviewRegPath -Force | Out-Null
+$honeyviewRegPath = "HKCU:\Software\Honeyview"
+$hvCurrentStretch = (Get-ItemProperty -Path $honeyviewRegPath -Name "bStretchWhenSmall" -ErrorAction SilentlyContinue).bStretchWhenSmall
+
+if ($hvCurrentStretch -eq 1) {
+    Write-Host "  - Honeyview 설정 : 이미 적용됨 (스킵)" -ForegroundColor Gray
+    Write-OptLog -Step "Honeyview 설정" -Status "스킵됨" -Message "이미 적용됨"
+} else {
+    try {
+        if (-not (Test-Path $honeyviewRegPath)) {
+            New-Item -Path $honeyviewRegPath -Force | Out-Null
+        }
+        # bStretchWhenSmall=1: 작은 이미지를 창에 맞게 늘리기
+        Set-ItemProperty -Path $honeyviewRegPath -Name "bStretchWhenSmall" -Value 1 -Type DWord -Force
+        # bLockTitlebarNormal=0: 제목 표시줄 고정 해제 (자동 숨김)
+        Set-ItemProperty -Path $honeyviewRegPath -Name "bLockTitlebarNormal" -Value 0 -Type DWord -Force
+        # bLockControlbar=0: 컨트롤바 고정 해제 (자동 숨김)
+        Set-ItemProperty -Path $honeyviewRegPath -Name "bLockControlbar" -Value 0 -Type DWord -Force
+        # Enter 키로 전체화면 전환 (사용자 정의 단축키)
+        Set-ItemProperty -Path $honeyviewRegPath -Name "CustomKey_Enable_00" -Value 1 -Type DWord -Force
+        Set-ItemProperty -Path $honeyviewRegPath -Name "CustomKey_Key_00" -Value 0x0d -Type DWord -Force  # 0x0d = Enter
+        Set-ItemProperty -Path $honeyviewRegPath -Name "CustomKey_Cmd_00" -Value "CMD_FULLSCREEN" -Type String -Force
+        Write-Host "  - Honeyview 설정 : 적용됨" -ForegroundColor Green
+        Write-Host "    - 작은 이미지 늘리기, 제목/컨트롤바 자동 숨김, Enter=전체화면" -ForegroundColor Gray
+        Write-OptLog -Step "Honeyview 설정" -Status "설치됨" -Message "레지스트리 설정 적용됨"
+    } catch {
+        Write-Host "  - Honeyview 설정 : 적용 실패 - $_" -ForegroundColor Red
+        Write-OptLog -Step "Honeyview 설정" -Status "실패" -Message "$_"
     }
-    # bStretchWhenSmall=1: 작은 이미지를 창에 맞게 늘리기
-    Set-ItemProperty -Path $honeyviewRegPath -Name "bStretchWhenSmall" -Value 1 -Type DWord -Force
-    # bLockTitlebarNormal=0: 제목 표시줄 고정 해제 (자동 숨김)
-    Set-ItemProperty -Path $honeyviewRegPath -Name "bLockTitlebarNormal" -Value 0 -Type DWord -Force
-    # bLockControlbar=0: 컨트롤바 고정 해제 (자동 숨김)
-    Set-ItemProperty -Path $honeyviewRegPath -Name "bLockControlbar" -Value 0 -Type DWord -Force
-    # Enter 키로 전체화면 전환 (사용자 정의 단축키)
-    Set-ItemProperty -Path $honeyviewRegPath -Name "CustomKey_Enable_00" -Value 1 -Type DWord -Force
-    Set-ItemProperty -Path $honeyviewRegPath -Name "CustomKey_Key_00" -Value 0x0d -Type DWord -Force  # 0x0d = Enter
-    Set-ItemProperty -Path $honeyviewRegPath -Name "CustomKey_Cmd_00" -Value "CMD_FULLSCREEN" -Type String -Force
-    Write-Host "  - 작은 이미지 늘리기 활성화" -ForegroundColor Green
-    Write-Host "  - 제목 표시줄/컨트롤바 자동 숨김 설정" -ForegroundColor Green
-    Write-Host "  - Enter 키 = 전체화면 단축키 설정" -ForegroundColor Green
-} catch {
-    Write-Host "  - 설정 적용 실패: $_" -ForegroundColor Red
 }
 
-# [13/22] PotPlayer 다운로드
+# [13/22] PotPlayer 다운로드 및 설치
 Write-Host "[13/22] PotPlayer 다운로드 중..." -ForegroundColor Yellow
-try {
-    $potPlayerUrl = "https://t1.kakaocdn.net/potplayer/PotPlayer/Version/Latest/PotPlayerSetup64.exe"
-    $potPlayerInstaller = Join-Path $tempDir "PotPlayerSetup64.exe"
-    Invoke-WebRequest -Uri $potPlayerUrl -OutFile $potPlayerInstaller -UseBasicParsing
-    Write-Host "  - 다운로드 완료" -ForegroundColor Green
-} catch {
-    Write-Host "  - 다운로드 실패: $_" -ForegroundColor Red
-    $potPlayerInstaller = $null
-    $failCount++
+$potPlayerPaths = @(
+    "${env:ProgramFiles}\DAUM\PotPlayer\PotPlayerMini64.exe"
+)
+$potPlayerInstaller = $null
+if (Test-SoftwareInstalled -Name "PotPlayer" -Paths $potPlayerPaths) {
+    Write-Host "  - PotPlayer : 이미 설치됨 (스킵)" -ForegroundColor Gray
+    Write-OptLog -Step "PotPlayer 다운로드" -Status "스킵됨" -Message "이미 설치됨"
+} else {
+    try {
+        $potPlayerUrl = "https://t1.kakaocdn.net/potplayer/PotPlayer/Version/Latest/PotPlayerSetup64.exe"
+        $potPlayerInstaller = Join-Path $tempDir "PotPlayerSetup64.exe"
+        Invoke-WebRequest -Uri $potPlayerUrl -OutFile $potPlayerInstaller -UseBasicParsing
+        Write-Host "  - 다운로드 완료" -ForegroundColor Green
+    } catch {
+        Write-Host "  - 다운로드 실패: $_" -ForegroundColor Red
+        $potPlayerInstaller = $null
+        Write-OptLog -Step "PotPlayer 다운로드" -Status "실패" -Message "$_"
+    }
 }
 
 # [14/22] PotPlayer 설치
 Write-Host "[14/22] PotPlayer 설치 중..." -ForegroundColor Yellow
-if ($potPlayerInstaller -and (Test-Path $potPlayerInstaller)) {
+if (Test-SoftwareInstalled -Name "PotPlayer" -Paths $potPlayerPaths) {
+    Write-Host "  - PotPlayer : 이미 설치됨 (스킵)" -ForegroundColor Gray
+    Write-OptLog -Step "PotPlayer 설치" -Status "스킵됨" -Message "이미 설치됨"
+} elseif ($potPlayerInstaller -and (Test-Path $potPlayerInstaller)) {
     try {
         Start-Process -FilePath $potPlayerInstaller -ArgumentList "/S" -Wait -NoNewWindow
         Remove-Item $potPlayerInstaller -Force -ErrorAction SilentlyContinue
-        Write-Host "  - 설치 완료" -ForegroundColor Green
-        $successCount++
+        Write-Host "  - PotPlayer : 설치됨 (적용됨)" -ForegroundColor Green
+        Write-OptLog -Step "PotPlayer 설치" -Status "설치됨" -Message "Silent 설치 완료"
     } catch {
-        Write-Host "  - 설치 실패: $_" -ForegroundColor Red
-        $failCount++
+        Write-Host "  - PotPlayer : 설치 실패 - $_" -ForegroundColor Red
+        Write-OptLog -Step "PotPlayer 설치" -Status "실패" -Message "$_"
     }
 } else {
     Write-Host "  - 건너뜀 (다운로드 실패)" -ForegroundColor Red
@@ -270,55 +473,61 @@ if ($potPlayerInstaller -and (Test-Path $potPlayerInstaller)) {
 
 # [15/22] PotPlayer 설정 적용
 Write-Host "[15/22] PotPlayer 설정 적용 중..." -ForegroundColor Yellow
-try {
-    $potPlayerConfigDir = "$env:APPDATA\PotPlayerMini64"
-    if (!(Test-Path $potPlayerConfigDir)) {
-        New-Item -Path $potPlayerConfigDir -ItemType Directory -Force | Out-Null
-    }
+$potRegPath = "HKCU:\Software\DAUM\PotPlayerMini64"
+$potCurrentUseIni = (Get-ItemProperty -Path $potRegPath -Name "UseIni" -ErrorAction SilentlyContinue).UseIni
 
-    # 레지스트리에 INI 모드 활성화 (PotPlayer가 INI 파일 설정을 사용하도록)
-    $potRegPath = "HKCU:\Software\DAUM\PotPlayerMini64"
-    if (!(Test-Path $potRegPath)) {
-        New-Item -Path $potRegPath -Force | Out-Null
-    }
-    # UseIni=1: INI 파일에 설정 저장, CheckAutoUpdate=0: 자동 업데이트 체크 비활성화
-    Set-ItemProperty -Path $potRegPath -Name "UseIni" -Value 1 -Type DWord -Force
-    Set-ItemProperty -Path $potRegPath -Name "CheckAutoUpdate" -Value 0 -Type DWord -Force
-    Write-Host "  - 레지스트리: INI 모드 활성화" -ForegroundColor Green
-
-    # 재생목록/방송목록 창 숨김 설정
-    $potPositionsPath = "HKCU:\Software\DAUM\PotPlayer64\Positions"
-    if (-not (Test-Path $potPositionsPath)) {
-        New-Item -Path $potPositionsPath -Force | Out-Null
-    }
-    Set-ItemProperty -Path $potPositionsPath -Name "ChatWindowVisible" -Value 0 -Type DWord -Force
-    Set-ItemProperty -Path $potPositionsPath -Name "PlayListWindowVisible" -Value 0 -Type DWord -Force
-    Set-ItemProperty -Path $potPositionsPath -Name "BroadcastListWindowVisible" -Value 0 -Type DWord -Force
-    Write-Host "  - 채팅/재생목록/방송목록 창 숨김 설정" -ForegroundColor Green
-
-    # 단축키 설정 (F1~F5 북마크, Ctrl+W 종료)
-    $potShortCutPath = "HKCU:\Software\DAUM\PotPlayer64\MainShortCutList"
-    if (-not (Test-Path $potShortCutPath)) {
-        New-Item -Path $potShortCutPath -Force | Out-Null
+if ($potCurrentUseIni -eq 1) {
+    Write-Host "  - PotPlayer 설정 : 이미 적용됨 (스킵)" -ForegroundColor Gray
+    Write-OptLog -Step "PotPlayer 설정" -Status "스킵됨" -Message "이미 적용됨"
+} else {
+    try {
+        $potPlayerConfigDir = "$env:APPDATA\PotPlayerMini64"
+        if (!(Test-Path $potPlayerConfigDir)) {
+            New-Item -Path $potPlayerConfigDir -ItemType Directory -Force | Out-Null
+        }
+
+        # 레지스트리에 INI 모드 활성화 (PotPlayer가 INI 파일 설정을 사용하도록)
+        if (!(Test-Path $potRegPath)) {
+            New-Item -Path $potRegPath -Force | Out-Null
+        }
+        # UseIni=1: INI 파일에 설정 저장, CheckAutoUpdate=0: 자동 업데이트 체크 비활성화
+        Set-ItemProperty -Path $potRegPath -Name "UseIni" -Value 1 -Type DWord -Force
+        Set-ItemProperty -Path $potRegPath -Name "CheckAutoUpdate" -Value 0 -Type DWord -Force
+
+        # 재생목록/방송목록 창 숨김 설정
+        $potPositionsPath = "HKCU:\Software\DAUM\PotPlayer64\Positions"
+        if (-not (Test-Path $potPositionsPath)) {
+            New-Item -Path $potPositionsPath -Force | Out-Null
+        }
+        Set-ItemProperty -Path $potPositionsPath -Name "ChatWindowVisible" -Value 0 -Type DWord -Force
+        Set-ItemProperty -Path $potPositionsPath -Name "PlayListWindowVisible" -Value 0 -Type DWord -Force
+        Set-ItemProperty -Path $potPositionsPath -Name "BroadcastListWindowVisible" -Value 0 -Type DWord -Force
+
+        # 단축키 설정 (F1~F5 북마크, Ctrl+W 종료)
+        $potShortCutPath = "HKCU:\Software\DAUM\PotPlayer64\MainShortCutList"
+        if (-not (Test-Path $potShortCutPath)) {
+            New-Item -Path $potShortCutPath -Force | Out-Null
+        }
+        Set-ItemProperty -Path $potShortCutPath -Name "0" -Value "112,6,10281,1" -Type String -Force
+        Set-ItemProperty -Path $potShortCutPath -Name "1" -Value "113,6,10282,1" -Type String -Force
+        Set-ItemProperty -Path $potShortCutPath -Name "2" -Value "114,6,10283,1" -Type String -Force
+        Set-ItemProperty -Path $potShortCutPath -Name "3" -Value "115,6,10284,1" -Type String -Force
+        Set-ItemProperty -Path $potShortCutPath -Name "4" -Value "116,6,10285,1" -Type String -Force
+        Set-ItemProperty -Path $potShortCutPath -Name "5" -Value "87,2,57665,0" -Type String -Force
+        Set-ItemProperty -Path $potShortCutPath -Name "6" -Value "" -Type String -Force
+
+        # INI 파일 다운로드 (외부 설정 파일 사용)
+        $iniPath = "$potPlayerConfigDir\PotPlayerMini64.ini"
+        $potPlayerConfigUrl = "https://raw.githubusercontent.com/Zeliper/windows-11-optimization/main/Configs/PotPlayer/PotPlayerMini64.ini"
+        Invoke-WebRequest -Uri $potPlayerConfigUrl -OutFile $iniPath -UseBasicParsing
+
+        Write-Host "  - PotPlayer 설정 : 적용됨" -ForegroundColor Green
+        Write-Host "    - INI 모드, 단축키, 창 숨김 설정됨" -ForegroundColor Gray
+        Write-OptLog -Step "PotPlayer 설정" -Status "설치됨" -Message "레지스트리 및 INI 설정 적용됨"
+    } catch {
+        Write-Host "  - PotPlayer 설정 : 적용 실패 - $_" -ForegroundColor Red
+        Write-OptLog -Step "PotPlayer 설정" -Status "실패" -Message "$_"
     }
-    Set-ItemProperty -Path $potShortCutPath -Name "0" -Value "112,6,10281,1" -Type String -Force
-    Set-ItemProperty -Path $potShortCutPath -Name "1" -Value "113,6,10282,1" -Type String -Force
-    Set-ItemProperty -Path $potShortCutPath -Name "2" -Value "114,6,10283,1" -Type String -Force
-    Set-ItemProperty -Path $potShortCutPath -Name "3" -Value "115,6,10284,1" -Type String -Force
-    Set-ItemProperty -Path $potShortCutPath -Name "4" -Value "116,6,10285,1" -Type String -Force
-    Set-ItemProperty -Path $potShortCutPath -Name "5" -Value "87,2,57665,0" -Type String -Force
-    Set-ItemProperty -Path $potShortCutPath -Name "6" -Value "" -Type String -Force
-    Write-Host "  - 단축키 설정 완료 (F1~F5 북마크, Ctrl+W 종료)" -ForegroundColor Green
-
-    # INI 파일 다운로드 (외부 설정 파일 사용)
-    $iniPath = "$potPlayerConfigDir\PotPlayerMini64.ini"
-    $potPlayerConfigUrl = "https://raw.githubusercontent.com/Zeliper/windows-11-optimization/main/Configs/PotPlayer/PotPlayerMini64.ini"
-    Invoke-WebRequest -Uri $potPlayerConfigUrl -OutFile $iniPath -UseBasicParsing
-    Write-Host "  - 설정 파일 다운로드 완료" -ForegroundColor Green
-    Write-Host "  - 단축키: Ctrl+W=종료, Enter=전체화면, Space=재생/일시정지, Esc=종료" -ForegroundColor Green
-    Write-Host "  - OSD 최소화, 컨트롤 바 자동 숨김 설정됨" -ForegroundColor Green
-} catch {
-    Write-Host "  - 설정 적용 실패: $_" -ForegroundColor Red
 }
 
 # [16/22] SetUserFTA 다운로드 (파일 연결 도구)
@@ -331,34 +540,34 @@ $setUserFtaUrl = "https://raw.githubusercontent.com/Zeliper/windows-11-optimizat
 try {
     Invoke-WebRequest -Uri $setUserFtaUrl -OutFile $setUserFtaPath -UseBasicParsing -TimeoutSec 30
     if (Test-Path $setUserFtaPath) {
-        Write-Host "  - 다운로드 완료" -ForegroundColor Green
+        Write-Host "  - SetUserFTA : 다운로드 완료" -ForegroundColor Green
     } else {
-        Write-Host "  - 다운로드 실패" -ForegroundColor Red
+        Write-Host "  - SetUserFTA : 다운로드 실패" -ForegroundColor Red
         $setUserFtaPath = $null
     }
 } catch {
-    Write-Host "  - 다운로드 실패: $_" -ForegroundColor Red
+    Write-Host "  - SetUserFTA : 다운로드 실패 - $_" -ForegroundColor Red
     Write-Host "  - 파일 연결 설정을 건너뜁니다 (수동 설정 필요)" -ForegroundColor Yellow
     $setUserFtaPath = $null
 }
 
 # [17/22] Notepad++ 파일 연결 설정 (SetUserFTA 병렬 실행)
 Write-Host "[17/22] Notepad++ 파일 연결 설정 중..." -ForegroundColor Yellow
-try {
-    $nppPath = "${env:ProgramFiles}\Notepad++\notepad++.exe"
-    if ((Test-Path $nppPath) -and $setUserFtaPath -and (Test-Path $setUserFtaPath)) {
-        # 연결할 확장자 목록 (실행 스크립트 제외: .bat, .cmd, .ps1, .vbs 등)
-        $extensions = @(
-            ".txt", ".ini", ".cfg", ".conf", ".config",
-            ".properties", ".property", ".log", ".md",
-            ".json", ".xml", ".yaml", ".yml",
-            ".sql", ".csv", ".tsv", ".sh"
-        )
+$nppPath = "${env:ProgramFiles}\Notepad++\notepad++.exe"
+if ((Test-Path $nppPath) -and $setUserFtaPath -and (Test-Path $setUserFtaPath)) {
+    # 연결할 확장자 목록 (실행 스크립트 제외: .bat, .cmd, .ps1, .vbs 등)
+    $extensions = @(
+        ".txt", ".ini", ".cfg", ".conf", ".config",
+        ".properties", ".property", ".log", ".md",
+        ".json", ".xml", ".yaml", ".yml",
+        ".sql", ".csv", ".tsv", ".sh"
+    )
 
-        # ProgId를 HKCU\SOFTWARE\Classes에 등록 (사용자별 설정)
-        $progId = "Notepad++_file"
-        $hkcuClassesPath = "HKCU:\SOFTWARE\Classes\$progId"
+    # ProgId를 HKCU\SOFTWARE\Classes에 등록 (사용자별 설정)
+    $progId = "Notepad++_file"
+    $hkcuClassesPath = "HKCU:\SOFTWARE\Classes\$progId"
 
+    try {
         if (-not (Test-Path $hkcuClassesPath)) {
             New-Item -Path $hkcuClassesPath -Force | Out-Null
             New-Item -Path "$hkcuClassesPath\shell\open\command" -Force | Out-Null
@@ -392,14 +601,18 @@ try {
             $result = Start-Process -FilePath $setUserFtaPath -ArgumentList "$ext $progId" -NoNewWindow -Wait -PassThru -ErrorAction SilentlyContinue
             if ($result -and $result.ExitCode -eq 0) { $setCount++ }
         }
-        Write-Host "  - 파일 연결 완료: $setCount/$($extensions.Count)개 확장자 (ProgId: $progId)" -ForegroundColor Green
-    } elseif (!(Test-Path $nppPath)) {
-        Write-Host "  - 건너뜀 (Notepad++ 설치 경로 없음)" -ForegroundColor Red
-    } else {
-        Write-Host "  - 건너뜀 (SetUserFTA 없음)" -ForegroundColor Red
+        Write-Host "  - Notepad++ 파일 연결 : $setCount/$($extensions.Count)개 확장자 (적용됨)" -ForegroundColor Green
+        Write-OptLog -Step "Notepad++ 파일 연결" -Status "설치됨" -Message "$setCount/$($extensions.Count)개 확장자 연결됨"
+    } catch {
+        Write-Host "  - Notepad++ 파일 연결 : 실패 - $_" -ForegroundColor Red
+        Write-OptLog -Step "Notepad++ 파일 연결" -Status "실패" -Message "$_"
     }
-} catch {
-    Write-Host "  - 파일 연결 실패: $_" -ForegroundColor Red
+} elseif (!(Test-Path $nppPath)) {
+    Write-Host "  - Notepad++ 파일 연결 : 건너뜀 (Notepad++ 미설치)" -ForegroundColor Gray
+    Write-OptLog -Step "Notepad++ 파일 연결" -Status "스킵됨" -Message "Notepad++ 미설치"
+} else {
+    Write-Host "  - Notepad++ 파일 연결 : 건너뜀 (SetUserFTA 없음)" -ForegroundColor Gray
+    Write-OptLog -Step "Notepad++ 파일 연결" -Status "스킵됨" -Message "SetUserFTA 없음"
 }
 
 # [18/22] Honeyview 이미지 파일 연결 설정 (Honeyview.{ext} ProgId 사용)
@@ -489,7 +702,6 @@ try {
                 }
             }
         }
-        Write-Host "  - 경쟁 앱 연결 제거 및 OpenWithProgids 정리됨" -ForegroundColor Green
 
         # SetUserFTA로 각 확장자에 Honeyview.{ext} ProgId 연결
         $setCount = 0
@@ -499,21 +711,25 @@ try {
             $result = Start-Process -FilePath $setUserFtaPath -ArgumentList "$ext $honeyviewProgId" -NoNewWindow -Wait -PassThru -ErrorAction SilentlyContinue
             if ($result -and $result.ExitCode -eq 0) { $setCount++ }
         }
-        Write-Host "  - 이미지 연결 완료: $setCount/$($imageExtensions.Count)개 확장자 (ProgId: Honeyview.{ext})" -ForegroundColor Green
+        Write-Host "  - Honeyview 이미지 연결 : $setCount/$($imageExtensions.Count)개 확장자 (적용됨)" -ForegroundColor Green
+        Write-OptLog -Step "Honeyview 이미지 연결" -Status "설치됨" -Message "$setCount/$($imageExtensions.Count)개 확장자 연결됨"
     } elseif (!(Test-Path $honeyviewPath)) {
-        Write-Host "  - 건너뜀 (Honeyview 설치 경로 없음)" -ForegroundColor Red
+        Write-Host "  - Honeyview 이미지 연결 : 건너뜀 (Honeyview 미설치)" -ForegroundColor Gray
+        Write-OptLog -Step "Honeyview 이미지 연결" -Status "스킵됨" -Message "Honeyview 미설치"
     } else {
-        Write-Host "  - 건너뜀 (SetUserFTA 없음)" -ForegroundColor Red
+        Write-Host "  - Honeyview 이미지 연결 : 건너뜀 (SetUserFTA 없음)" -ForegroundColor Gray
+        Write-OptLog -Step "Honeyview 이미지 연결" -Status "스킵됨" -Message "SetUserFTA 없음"
     }
 } catch {
-    Write-Host "  - 이미지 연결 실패: $_" -ForegroundColor Red
+    Write-Host "  - Honeyview 이미지 연결 : 실패 - $_" -ForegroundColor Red
+    Write-OptLog -Step "Honeyview 이미지 연결" -Status "실패" -Message "$_"
 }
 
 # [19/22] PotPlayer 동영상/오디오 파일 연결 (SetUserFTA 사용, PotPlayer 자체 ProgId 활용)
 Write-Host "[19/22] PotPlayer 동영상/오디오 파일 연결 설정 중..." -ForegroundColor Yellow
-try {
-    $potPlayerPath = "${env:ProgramFiles}\DAUM\PotPlayer\PotPlayerMini64.exe"
-    if ((Test-Path $potPlayerPath) -and $setUserFtaPath -and (Test-Path $setUserFtaPath)) {
+$potPlayerPath = "${env:ProgramFiles}\DAUM\PotPlayer\PotPlayerMini64.exe"
+if ((Test-Path $potPlayerPath) -and $setUserFtaPath -and (Test-Path $setUserFtaPath)) {
+    try {
         # 동영상 확장자 목록
         $videoExtensions = @(
             ".mp4", ".mkv", ".avi", ".mov", ".wmv", ".flv", ".webm",
@@ -579,7 +795,6 @@ try {
                 }
             }
         }
-        Write-Host "  - 경쟁 앱 연결 제거 및 OpenWithProgids 정리됨" -ForegroundColor Green
 
         # SetUserFTA로 각 확장자에 PotPlayer64.{ext} ProgId 연결
         $setCount = 0
@@ -589,23 +804,26 @@ try {
             $result = Start-Process -FilePath $setUserFtaPath -ArgumentList "$ext $potPlayerProgId" -NoNewWindow -Wait -PassThru -ErrorAction SilentlyContinue
             if ($result -and $result.ExitCode -eq 0) { $setCount++ }
         }
-        Write-Host "  - 동영상 연결 완료: $($videoExtensions.Count)개 확장자 (ProgId: PotPlayer64.{ext})" -ForegroundColor Green
-        Write-Host "  - 오디오 연결 완료: $($audioExtensions.Count)개 확장자 (ProgId: PotPlayer64.{ext})" -ForegroundColor Green
-        Write-Host "  - 총 미디어 연결: $setCount/$($mediaExtensions.Count)개" -ForegroundColor Green
-    } elseif (!(Test-Path $potPlayerPath)) {
-        Write-Host "  - 건너뜀 (PotPlayer 설치 경로 없음)" -ForegroundColor Red
-    } else {
-        Write-Host "  - 건너뜀 (SetUserFTA 없음)" -ForegroundColor Red
+        Write-Host "  - PotPlayer 미디어 연결 : $setCount/$($mediaExtensions.Count)개 확장자 (적용됨)" -ForegroundColor Green
+        Write-Host "    - 동영상: $($videoExtensions.Count)개, 오디오: $($audioExtensions.Count)개" -ForegroundColor Gray
+        Write-OptLog -Step "PotPlayer 미디어 연결" -Status "설치됨" -Message "$setCount/$($mediaExtensions.Count)개 확장자 연결됨"
+    } catch {
+        Write-Host "  - PotPlayer 미디어 연결 : 실패 - $_" -ForegroundColor Red
+        Write-OptLog -Step "PotPlayer 미디어 연결" -Status "실패" -Message "$_"
     }
-} catch {
-    Write-Host "  - 미디어 연결 실패: $_" -ForegroundColor Red
+} elseif (!(Test-Path $potPlayerPath)) {
+    Write-Host "  - PotPlayer 미디어 연결 : 건너뜀 (PotPlayer 미설치)" -ForegroundColor Gray
+    Write-OptLog -Step "PotPlayer 미디어 연결" -Status "스킵됨" -Message "PotPlayer 미설치"
+} else {
+    Write-Host "  - PotPlayer 미디어 연결 : 건너뜀 (SetUserFTA 없음)" -ForegroundColor Gray
+    Write-OptLog -Step "PotPlayer 미디어 연결" -Status "스킵됨" -Message "SetUserFTA 없음"
 }
 
 # [20/22] Chrome 기본 브라우저 설정 (SetUserFTA 사용)
 Write-Host "[20/22] Chrome 기본 브라우저 설정 중..." -ForegroundColor Yellow
-try {
-    $chromePath = "${env:ProgramFiles}\Google\Chrome\Application\chrome.exe"
-    if ((Test-Path $chromePath) -and $setUserFtaPath -and (Test-Path $setUserFtaPath)) {
+$chromePath = "${env:ProgramFiles}\Google\Chrome\Application\chrome.exe"
+if ((Test-Path $chromePath) -and $setUserFtaPath -and (Test-Path $setUserFtaPath)) {
+    try {
         # ChromeHTML ProgId 존재 확인
         $chromeProgId = Get-ItemProperty -Path "HKLM:\SOFTWARE\Classes\ChromeHTML" -ErrorAction SilentlyContinue
         if (-not $chromeProgId) {
@@ -660,7 +878,6 @@ try {
                     }
                 }
             }
-            Write-Host "  - http/https OpenWithProgids 정리됨 (ChromeHTML만 유지)" -ForegroundColor Green
 
             # Edge ProgId 삭제 (UserChoice 보호 우회 - SetUserFTA가 작동하도록)
             # 주의: Edge를 사용하지 않는 경우에만 안전함
@@ -702,7 +919,6 @@ try {
                     }
                 }
             }
-            Write-Host "  - Edge 연결 프로그램 제거됨" -ForegroundColor Green
 
             # SetUserFTA로 Chrome을 기본 브라우저로 설정
             # 파일 확장자 (.html, .htm만 - .url은 InternetShortcut으로 유지해야 정상 작동)
@@ -712,7 +928,6 @@ try {
                 $result = Start-Process -FilePath $setUserFtaPath -ArgumentList "$ext ChromeHTML" -Wait -NoNewWindow -PassThru -ErrorAction SilentlyContinue
                 if ($result.ExitCode -eq 0) { $fileSuccessCount++ }
             }
-            Write-Host "  - 파일 연결 완료: $fileSuccessCount/$($fileAssocs.Count)개 (.html, .htm)" -ForegroundColor Green
 
             # URL 프로토콜 (http, https) - SetUserFTA로 설정 (UserChoice는 위에서 이미 삭제됨)
             $protocolAssocs = @("http", "https")
@@ -721,7 +936,6 @@ try {
                 $result = Start-Process -FilePath $setUserFtaPath -ArgumentList "$protocol ChromeHTML" -Wait -NoNewWindow -PassThru -ErrorAction SilentlyContinue
                 if ($result.ExitCode -eq 0) { $protocolSuccessCount++ }
             }
-            Write-Host "  - 프로토콜 연결 완료: $protocolSuccessCount/$($protocolAssocs.Count)개 (http, https)" -ForegroundColor Green
 
             # HKCR 프로토콜 핸들러 설정 (앱에서 URL 클릭 시 Chrome으로 열리도록)
             if (-not (Test-Path "HKCR:")) {
@@ -744,37 +958,46 @@ try {
                     # 실패해도 계속 진행
                 }
             }
-            Write-Host "  - 프로토콜 핸들러 설정 완료 (HKCR/HKCU)" -ForegroundColor Green
 
             $totalSuccess = $fileSuccessCount + $protocolSuccessCount
             $totalAssocs = $fileAssocs.Count + $protocolAssocs.Count
             if ($totalSuccess -eq $totalAssocs) {
-                Write-Host "  - 기본 브라우저 설정 완료 ($totalSuccess/$totalAssocs)" -ForegroundColor Green
+                Write-Host "  - Chrome 기본 브라우저 : 설정 완료 ($totalSuccess/$totalAssocs)" -ForegroundColor Green
+                Write-OptLog -Step "Chrome 기본 브라우저" -Status "설치됨" -Message "$totalSuccess/$totalAssocs 연결 완료"
             } else {
-                Write-Host "  - 일부 설정 실패 ($totalSuccess/$totalAssocs)" -ForegroundColor Yellow
+                Write-Host "  - Chrome 기본 브라우저 : 일부 설정 완료 ($totalSuccess/$totalAssocs)" -ForegroundColor Yellow
                 Write-Host "  - 수동 설정 필요: 설정 > 앱 > 기본 앱 > Google Chrome" -ForegroundColor Cyan
                 Start-Process "ms-settings:defaultapps" -ErrorAction SilentlyContinue
+                Write-OptLog -Step "Chrome 기본 브라우저" -Status "설치됨" -Message "$totalSuccess/$totalAssocs 연결 완료 (일부 실패)"
             }
         } else {
-            Write-Host "  - ChromeHTML ProgId를 찾을 수 없음" -ForegroundColor Yellow
+            Write-Host "  - Chrome 기본 브라우저 : ChromeHTML ProgId 없음" -ForegroundColor Yellow
             Write-Host "  - 수동 설정 필요: 설정 > 앱 > 기본 앱 > Google Chrome" -ForegroundColor Cyan
             Start-Process "ms-settings:defaultapps" -ErrorAction SilentlyContinue
+            Write-OptLog -Step "Chrome 기본 브라우저" -Status "스킵됨" -Message "ChromeHTML ProgId 없음"
         }
-    } elseif (!(Test-Path $chromePath)) {
-        Write-Host "  - 건너뜀 (Chrome 설치 경로 없음)" -ForegroundColor Red
-    } else {
-        Write-Host "  - 건너뜀 (SetUserFTA 없음)" -ForegroundColor Red
+    } catch {
+        Write-Host "  - Chrome 기본 브라우저 : 설정 실패 - $_" -ForegroundColor Red
+        Write-OptLog -Step "Chrome 기본 브라우저" -Status "실패" -Message "$_"
     }
-} catch {
-    Write-Host "  - 기본 브라우저 설정 실패: $_" -ForegroundColor Red
+} elseif (!(Test-Path $chromePath)) {
+    Write-Host "  - Chrome 기본 브라우저 : 건너뜀 (Chrome 미설치)" -ForegroundColor Gray
+    Write-OptLog -Step "Chrome 기본 브라우저" -Status "스킵됨" -Message "Chrome 미설치"
+} else {
+    Write-Host "  - Chrome 기본 브라우저 : 건너뜀 (SetUserFTA 없음)" -ForegroundColor Gray
+    Write-OptLog -Step "Chrome 기본 브라우저" -Status "스킵됨" -Message "SetUserFTA 없음"
 }
 
 # [21/22] Windows 배경화면 기본 설정 (Spotlight 제거)
 Write-Host "[21/22] Windows 배경화면 기본 설정 중..." -ForegroundColor Yellow
-try {
-    # 기본 Windows 배경화면 경로
-    $defaultWallpaper = "C:\Windows\Web\Wallpaper\Windows\img0.jpg"
-    if (Test-Path $defaultWallpaper) {
+$currentWallpaper = (Get-ItemProperty -Path "HKCU:\Control Panel\Desktop" -Name "Wallpaper" -ErrorAction SilentlyContinue).Wallpaper
+$defaultWallpaper = "C:\Windows\Web\Wallpaper\Windows\img0.jpg"
+
+if ($currentWallpaper -eq $defaultWallpaper) {
+    Write-Host "  - 배경화면 : 이미 기본 설정됨 (스킵)" -ForegroundColor Gray
+    Write-OptLog -Step "배경화면 설정" -Status "스킵됨" -Message "이미 기본 설정됨"
+} elseif (Test-Path $defaultWallpaper) {
+    try {
         # 레지스트리에서 배경화면 설정
         Set-ItemProperty -Path "HKCU:\Control Panel\Desktop" -Name "Wallpaper" -Value $defaultWallpaper -Force
         Set-ItemProperty -Path "HKCU:\Control Panel\Desktop" -Name "WallpaperStyle" -Value "10" -Force  # Fill
@@ -790,34 +1013,55 @@ public class Wallpaper {
 "@
         [Wallpaper]::SystemParametersInfo(0x0014, 0, $defaultWallpaper, 0x01 -bor 0x02) | Out-Null
 
-        Write-Host "  - 기본 배경화면으로 변경 완료" -ForegroundColor Green
-        Write-Host "  - Spotlight 배경 제거됨 (설정 로딩 속도 개선)" -ForegroundColor Green
-    } else {
-        Write-Host "  - 기본 배경화면 파일 없음, 건너뜀" -ForegroundColor Yellow
+        Write-Host "  - 배경화면 : 기본 배경화면으로 변경됨 (적용됨)" -ForegroundColor Green
+        Write-OptLog -Step "배경화면 설정" -Status "설치됨" -Message "기본 배경화면으로 변경됨"
+    } catch {
+        Write-Host "  - 배경화면 : 설정 실패 - $_" -ForegroundColor Red
+        Write-OptLog -Step "배경화면 설정" -Status "실패" -Message "$_"
     }
-} catch {
-    Write-Host "  - 배경화면 설정 실패: $_" -ForegroundColor Red
+} else {
+    Write-Host "  - 배경화면 : 기본 배경화면 파일 없음 (스킵)" -ForegroundColor Yellow
+    Write-OptLog -Step "배경화면 설정" -Status "스킵됨" -Message "기본 배경화면 파일 없음"
 }
 
 # [22/22] Everything 설치 (winget)
 Write-Host "[22/22] Everything 설치 중 (winget)..." -ForegroundColor Yellow
-try {
-    $wingetResult = winget install voidtools.Everything --source winget --silent --accept-package-agreements --accept-source-agreements 2>&1
-    if ($LASTEXITCODE -eq 0 -or $wingetResult -match "already installed") {
-        Write-Host "  - 설치 완료" -ForegroundColor Green
-        $successCount++
-    } else {
-        Write-Host "  - 설치 실패: $wingetResult" -ForegroundColor Red
-        $failCount++
+$everythingPaths = @(
+    "${env:ProgramFiles}\Everything\Everything.exe",
+    "${env:ProgramFiles(x86)}\Everything\Everything.exe"
+)
+if (Test-SoftwareInstalled -Name "Everything" -Paths $everythingPaths -WingetId "voidtools.Everything") {
+    Write-Host "  - Everything : 이미 설치됨 (스킵)" -ForegroundColor Gray
+    Write-OptLog -Step "Everything 설치" -Status "스킵됨" -Message "이미 설치됨"
+} else {
+    try {
+        $wingetResult = winget install voidtools.Everything --source winget --silent --accept-package-agreements --accept-source-agreements 2>&1
+        if ($LASTEXITCODE -eq 0 -or $wingetResult -match "already installed") {
+            Write-Host "  - Everything : 설치됨 (적용됨)" -ForegroundColor Green
+            Write-OptLog -Step "Everything 설치" -Status "설치됨" -Message "winget으로 설치 완료"
+        } else {
+            Write-Host "  - Everything : 설치 실패" -ForegroundColor Red
+            Write-OptLog -Step "Everything 설치" -Status "실패" -Message "$wingetResult"
+        }
+    } catch {
+        Write-Host "  - Everything : 설치 실패 - $_" -ForegroundColor Red
+        Write-OptLog -Step "Everything 설치" -Status "실패" -Message "$_"
     }
-} catch {
-    Write-Host "  - 설치 실패: $_" -ForegroundColor Red
-    $failCount++
 }
 
+# ===== 로그 저장 =====
+Save-OptLog
+
 # 완료 메시지
 Write-Host ""
 Write-Host "========================================" -ForegroundColor Cyan
 Write-Host "소프트웨어 설치가 완료되었습니다!" -ForegroundColor Green
-Write-Host "성공: $successCount개, 실패: $failCount개" -ForegroundColor White
+Write-Host "========================================" -ForegroundColor Cyan
+Write-Host ""
+Write-Host "Summary:" -ForegroundColor Yellow
+Write-Host "  - 설치됨: $global:InstalledCount 개" -ForegroundColor Green
+Write-Host "  - 스킵됨: $global:SkippedCount 개 (이미 설치됨)" -ForegroundColor Gray
+Write-Host "  - 실패: $global:FailedCount 개" -ForegroundColor $(if ($global:FailedCount -gt 0) { "Red" } else { "Gray" })
+Write-Host ""
+Write-Host "로그 파일: $global:LogFilePath" -ForegroundColor Cyan
 Write-Host "========================================" -ForegroundColor Cyan

commit d8b2f3f56d194fff1cadf841bc92228684a768cd
Author: Zeliper <Zeliper@users.noreply.github.com>
Date:   Thu Jan 8 15:53:34 2026 +0900

    Use PotPlayer64.{ext} ProgId like Honeyview method (v1.0.11)
    
    - PotPlayer 파일 연결을 Honeyview 방식으로 변경
      - Applications\PotPlayerMini64.exe → PotPlayer64.{ext} ProgId 사용
      - "팟플레이어(64 비트)"가 기본 앱으로 표시됨
    - OpenWithProgids 완전 정리 및 UserChoice 삭제 추가
    
    🤖 Generated with [Claude Code](https://claude.com/claude-code)
    
    Co-Authored-By: Claude Opus 4.5 <noreply@anthropic.com>

diff --git a/ps_scripts/006.software_install.ps1 b/ps_scripts/006.software_install.ps1
index 64070d8..b807cbe 100644
--- a/ps_scripts/006.software_install.ps1
+++ b/ps_scripts/006.software_install.ps1
@@ -4,7 +4,7 @@
 #Requires -RunAsAdministrator
 
 # 스크립트 버전
-$scriptVersion = "1.0.10"
+$scriptVersion = "1.0.11"
 
 # UTF-8 인코딩 설정 (irm | iex 실행 시 한글 출력용)
 [Console]::OutputEncoding = [System.Text.Encoding]::UTF8
@@ -529,24 +529,20 @@ try {
         # 전체 미디어 확장자
         $mediaExtensions = $videoExtensions + $audioExtensions
 
-        # PotPlayer ProgId 직접 등록 (설치 직후 자동 등록 안 될 수 있음)
-        $potPlayerProgId = "Applications\PotPlayerMini64.exe"
-        $progIdPath = "HKCU:\SOFTWARE\Classes\$potPlayerProgId"
-        if (-not (Test-Path $progIdPath)) {
-            New-Item -Path "$progIdPath\shell\open\command" -Force | Out-Null
-        }
-        Set-ItemProperty -Path $progIdPath -Name "(Default)" -Value "PotPlayer 64 bit" -Force
-        Set-ItemProperty -Path "$progIdPath\shell\open\command" -Name "(Default)" -Value "`"$potPlayerPath`" `"%1`"" -Force
-        Write-Host "  - PotPlayer ProgId 등록됨" -ForegroundColor Green
-
-        # OpenWithProgids 정리 및 ProgId 추가
+        # OpenWithProgids 정리: PotPlayer64.{ext} ProgId만 남기고 경쟁 앱 모두 제거 (Honeyview 방식)
         foreach ($ext in $mediaExtensions) {
+            $extWithoutDot = $ext.TrimStart(".")
+            $potPlayerProgId = "PotPlayer64.$extWithoutDot"
+
             $fileExtPath = "HKCU:\SOFTWARE\Microsoft\Windows\CurrentVersion\Explorer\FileExts\$ext"
             $openWithProgids = "$fileExtPath\OpenWithProgids"
+
+            # OpenWithProgids 키가 없으면 생성
             if (-not (Test-Path $openWithProgids)) {
                 New-Item -Path $openWithProgids -Force | Out-Null
             }
-            # 기존 ProgId 제거
+
+            # 기존 모든 ProgId 제거 (경쟁 앱 완전 제거)
             $existingProps = Get-ItemProperty -Path $openWithProgids -ErrorAction SilentlyContinue
             if ($existingProps) {
                 foreach ($prop in $existingProps.PSObject.Properties) {
@@ -555,18 +551,46 @@ try {
                     }
                 }
             }
-            # 우리 ProgId만 추가
+
+            # PotPlayer64.{ext} ProgId만 추가 (PotPlayer 설치 시 등록된 ProgId 사용)
             New-ItemProperty -Path $openWithProgids -Name $potPlayerProgId -PropertyType Binary -Value ([byte[]]@()) -Force -ErrorAction SilentlyContinue | Out-Null
+
+            # OpenWithList도 정리
+            $openWithList = "$fileExtPath\OpenWithList"
+            if (Test-Path $openWithList) {
+                Remove-Item -Path $openWithList -Recurse -Force -ErrorAction SilentlyContinue
+            }
+
+            # UserChoice 키 삭제 (SetUserFTA가 새로 생성하도록)
+            $userChoice = "$fileExtPath\UserChoice"
+            if (Test-Path $userChoice) {
+                try {
+                    $acl = Get-Acl -Path $userChoice
+                    $rule = New-Object System.Security.AccessControl.RegistryAccessRule(
+                        [System.Security.Principal.WindowsIdentity]::GetCurrent().Name,
+                        "FullControl",
+                        "Allow"
+                    )
+                    $acl.SetAccessRule($rule)
+                    Set-Acl -Path $userChoice -AclObject $acl -ErrorAction SilentlyContinue
+                    Remove-Item -Path $userChoice -Recurse -Force -ErrorAction SilentlyContinue
+                } catch {
+                    # 권한 변경 실패해도 계속 진행
+                }
+            }
         }
+        Write-Host "  - 경쟁 앱 연결 제거 및 OpenWithProgids 정리됨" -ForegroundColor Green
 
-        # SetUserFTA 순차 실행
+        # SetUserFTA로 각 확장자에 PotPlayer64.{ext} ProgId 연결
         $setCount = 0
         foreach ($ext in $mediaExtensions) {
+            $extWithoutDot = $ext.TrimStart(".")
+            $potPlayerProgId = "PotPlayer64.$extWithoutDot"
             $result = Start-Process -FilePath $setUserFtaPath -ArgumentList "$ext $potPlayerProgId" -NoNewWindow -Wait -PassThru -ErrorAction SilentlyContinue
             if ($result -and $result.ExitCode -eq 0) { $setCount++ }
         }
-        Write-Host "  - 동영상 연결 완료: $($videoExtensions.Count)개 확장자" -ForegroundColor Green
-        Write-Host "  - 오디오 연결 완료: $($audioExtensions.Count)개 확장자" -ForegroundColor Green
+        Write-Host "  - 동영상 연결 완료: $($videoExtensions.Count)개 확장자 (ProgId: PotPlayer64.{ext})" -ForegroundColor Green
+        Write-Host "  - 오디오 연결 완료: $($audioExtensions.Count)개 확장자 (ProgId: PotPlayer64.{ext})" -ForegroundColor Green
         Write-Host "  - 총 미디어 연결: $setCount/$($mediaExtensions.Count)개" -ForegroundColor Green
     } elseif (!(Test-Path $potPlayerPath)) {
         Write-Host "  - 건너뜀 (PotPlayer 설치 경로 없음)" -ForegroundColor Red

commit aa0f3b129092a00540e0f3caeab47913ac0e49b0
Author: Zeliper <Zeliper@users.noreply.github.com>
Date:   Thu Jan 8 15:32:29 2026 +0900

    Add PotPlayer shortcut key settings (v1.0.8)
    
    - PotPlayer MainShortCutList 레지스트리 설정 추가
      - F1~F5 북마크 단축키
      - Ctrl+W 종료 단축키
    
    🤖 Generated with [Claude Code](https://claude.com/claude-code)
    
    Co-Authored-By: Claude Opus 4.5 <noreply@anthropic.com>

diff --git a/ps_scripts/006.software_install.ps1 b/ps_scripts/006.software_install.ps1
index 7a6c812..854f064 100644
--- a/ps_scripts/006.software_install.ps1
+++ b/ps_scripts/006.software_install.ps1
@@ -4,7 +4,7 @@
 #Requires -RunAsAdministrator
 
 # 스크립트 버전
-$scriptVersion = "1.0.7"
+$scriptVersion = "1.0.8"
 
 # UTF-8 인코딩 설정 (irm | iex 실행 시 한글 출력용)
 [Console]::OutputEncoding = [System.Text.Encoding]::UTF8
@@ -312,6 +312,20 @@ try {
     Set-ItemProperty -Path $potPositionsPath -Name "BroadcastListWindowVisible" -Value 0 -Type DWord -Force
     Write-Host "  - 채팅/재생목록/방송목록 창 숨김 설정" -ForegroundColor Green
 
+    # 단축키 설정 (F1~F5 북마크, Ctrl+W 종료)
+    $potShortCutPath = "HKCU:\Software\DAUM\PotPlayer64\MainShortCutList"
+    if (-not (Test-Path $potShortCutPath)) {
+        New-Item -Path $potShortCutPath -Force | Out-Null
+    }
+    Set-ItemProperty -Path $potShortCutPath -Name "0" -Value "112,6,10281,1" -Type String -Force
+    Set-ItemProperty -Path $potShortCutPath -Name "1" -Value "113,6,10282,1" -Type String -Force
+    Set-ItemProperty -Path $potShortCutPath -Name "2" -Value "114,6,10283,1" -Type String -Force
+    Set-ItemProperty -Path $potShortCutPath -Name "3" -Value "115,6,10284,1" -Type String -Force
+    Set-ItemProperty -Path $potShortCutPath -Name "4" -Value "116,6,10285,1" -Type String -Force
+    Set-ItemProperty -Path $potShortCutPath -Name "5" -Value "87,2,57665,0" -Type String -Force
+    Set-ItemProperty -Path $potShortCutPath -Name "6" -Value "" -Type String -Force
+    Write-Host "  - 단축키 설정 완료 (F1~F5 북마크, Ctrl+W 종료)" -ForegroundColor Green
+
     # INI 파일 다운로드 (외부 설정 파일 사용)
     $iniPath = "$potPlayerConfigDir\PotPlayerMini64.ini"
     $potPlayerConfigUrl = "https://raw.githubusercontent.com/Zeliper/windows-11-optimization/main/Configs/PotPlayer/PotPlayerMini64.ini"

commit af17411da677e9c48b7e29c570d279834361e33e
Author: Zeliper <Zeliper@users.noreply.github.com>
Date:   Thu Jan 8 15:13:05 2026 +0900

    Update software settings and externalize ShareX config (v1.0.3)
    
    - Honeyview: Enter 키 = 전체화면 단축키 추가
    - PotPlayer: 재생목록/방송목록 창 숨김 설정 추가
    - ShareX: 설정 파일 외부화 (Configs/ShareX/ApplicationConfig.json)
    - ShareX 설정 로직 간소화 (GitHub에서 다운로드)
    
    🤖 Generated with [Claude Code](https://claude.com/claude-code)
    
    Co-Authored-By: Claude Opus 4.5 <noreply@anthropic.com>

diff --git a/ps_scripts/006.software_install.ps1 b/ps_scripts/006.software_install.ps1
index 729760c..94b2a89 100644
--- a/ps_scripts/006.software_install.ps1
+++ b/ps_scripts/006.software_install.ps1
@@ -4,7 +4,7 @@
 #Requires -RunAsAdministrator
 
 # 스크립트 버전
-$scriptVersion = "1.0.2"
+$scriptVersion = "1.0.3"
 
 # UTF-8 인코딩 설정 (irm | iex 실행 시 한글 출력용)
 [Console]::OutputEncoding = [System.Text.Encoding]::UTF8
@@ -149,72 +149,19 @@ if ($shareXInstaller -and (Test-Path $shareXInstaller)) {
         Write-Host "  - 설치 완료" -ForegroundColor Green
         $successCount++
 
-        # ShareX를 silent 모드로 실행하여 설정 파일 초기화
-        $shareXExe = "${env:ProgramFiles}\ShareX\ShareX.exe"
+        # ShareX 설정 파일 다운로드 및 복사
         $shareXConfigDir = "$env:APPDATA\ShareX"
         $shareXConfigPath = "$shareXConfigDir\ApplicationConfig.json"
+        $shareXConfigUrl = "https://raw.githubusercontent.com/Zeliper/windows-11-optimization/main/Configs/ShareX/ApplicationConfig.json"
 
-        if (Test-Path $shareXExe) {
-            # silent 모드로 실행 (트레이로 바로 들어감)
-            Start-Process -FilePath $shareXExe -ArgumentList "-silent" -WindowStyle Hidden
-            Write-Host "  - ShareX 초기화 중..." -ForegroundColor Yellow
-
-            # 설정 파일 생성 대기
-            $maxWait = 10
-            $waited = 0
-            while ((-not (Test-Path $shareXConfigPath)) -and ($waited -lt $maxWait)) {
-                Start-Sleep -Seconds 1
-                $waited++
-            }
-
-            # ShareX 프로세스 종료
-            Start-Sleep -Seconds 2
-            Stop-Process -Name "ShareX" -Force -ErrorAction SilentlyContinue
-            Start-Sleep -Seconds 1
+        # 설정 디렉토리 생성
+        if (!(Test-Path $shareXConfigDir)) {
+            New-Item -Path $shareXConfigDir -ItemType Directory -Force | Out-Null
         }
 
-        # 설정 파일이 생성되었으면 수정, 아니면 새로 생성
-        if (Test-Path $shareXConfigPath) {
-            # 기존 설정 파일 읽기 및 수정
-            $configContent = Get-Content $shareXConfigPath -Raw -Encoding UTF8
-            $config = $configContent | ConvertFrom-Json
-
-            # 업로드 관련 설정 수정
-            $config | Add-Member -NotePropertyName "DisableUpload" -NotePropertyValue $true -Force
-            $config | Add-Member -NotePropertyName "ShowUploadWarning" -NotePropertyValue $false -Force
-            $config | Add-Member -NotePropertyName "ShowMultiUploadWarning" -NotePropertyValue $false -Force
-            $config | Add-Member -NotePropertyName "ShowAfterUploadForm" -NotePropertyValue $false -Force
-            $config | Add-Member -NotePropertyName "ShowLargeFileSizeWarning" -NotePropertyValue 0 -Force
-            $config | Add-Member -NotePropertyName "ShowFirstTimeUploadWarning" -NotePropertyValue $false -Force
-            $config | Add-Member -NotePropertyName "AutoCheckUpdate" -NotePropertyValue $false -Force
-
-            $config | ConvertTo-Json -Depth 10 | Set-Content -Path $shareXConfigPath -Encoding UTF8 -Force
-            Write-Host "  - 업로드 기능 비활성화 설정 완료 (기존 설정 수정)" -ForegroundColor Green
-        } else {
-            # 설정 파일이 없으면 디렉토리 생성 후 새로 생성
-            if (!(Test-Path $shareXConfigDir)) {
-                New-Item -Path $shareXConfigDir -ItemType Directory -Force | Out-Null
-            }
-
-            $config = @{
-                "IsFirstRun" = $false
-                "IsExportUpgrade" = $true
-                "DisableUpload" = $true
-                "ShowUploadWarning" = $false
-                "ShowMultiUploadWarning" = $false
-                "ShowAfterUploadForm" = $false
-                "ShowLargeFileSizeWarning" = 0
-                "ShowFirstTimeUploadWarning" = $false
-                "AutoCheckUpdate" = $false
-                "SilentRun" = $true
-                "TrayIconProgressEnabled" = $true
-                "TaskbarProgressEnabled" = $true
-                "RememberMainFormSize" = $true
-            }
-
-            $config | ConvertTo-Json -Depth 10 | Set-Content -Path $shareXConfigPath -Encoding UTF8 -Force
-            Write-Host "  - 업로드 기능 비활성화 설정 완료 (새 설정 생성)" -ForegroundColor Green
-        }
+        # 설정 파일 다운로드
+        Invoke-WebRequest -Uri $shareXConfigUrl -OutFile $shareXConfigPath -UseBasicParsing
+        Write-Host "  - 설정 파일 적용 완료 (업로드 비활성화)" -ForegroundColor Green
     } catch {
         Write-Host "  - 설치 실패: $_" -ForegroundColor Red
         $failCount++
@@ -297,8 +244,13 @@ try {
     Set-ItemProperty -Path $honeyviewRegPath -Name "bLockTitlebarNormal" -Value 0 -Type DWord -Force
     # bLockControlbar=0: 컨트롤바 고정 해제 (자동 숨김)
     Set-ItemProperty -Path $honeyviewRegPath -Name "bLockControlbar" -Value 0 -Type DWord -Force
+    # Enter 키로 전체화면 전환 (사용자 정의 단축키)
+    Set-ItemProperty -Path $honeyviewRegPath -Name "CustomKey_Enable_00" -Value 1 -Type DWord -Force
+    Set-ItemProperty -Path $honeyviewRegPath -Name "CustomKey_Key_00" -Value 0x0d -Type DWord -Force  # 0x0d = Enter
+    Set-ItemProperty -Path $honeyviewRegPath -Name "CustomKey_Cmd_00" -Value "CMD_FULLSCREEN" -Type String -Force
     Write-Host "  - 작은 이미지 늘리기 활성화" -ForegroundColor Green
     Write-Host "  - 제목 표시줄/컨트롤바 자동 숨김 설정" -ForegroundColor Green
+    Write-Host "  - Enter 키 = 전체화면 단축키 설정" -ForegroundColor Green
 } catch {
     Write-Host "  - 설정 적용 실패: $_" -ForegroundColor Red
 }
@@ -350,6 +302,15 @@ try {
     Set-ItemProperty -Path $potRegPath -Name "CheckAutoUpdate" -Value 0 -Type DWord -Force
     Write-Host "  - 레지스트리: INI 모드 활성화" -ForegroundColor Green
 
+    # 재생목록/방송목록 창 숨김 설정
+    $potPositionsPath = "HKCU:\Software\DAUM\PotPlayer64\Positions"
+    if (-not (Test-Path $potPositionsPath)) {
+        New-Item -Path $potPositionsPath -Force | Out-Null
+    }
+    Set-ItemProperty -Path $potPositionsPath -Name "PlayListWindowVisible" -Value 0 -Type DWord -Force
+    Set-ItemProperty -Path $potPositionsPath -Name "BroadcastListWindowVisible" -Value 0 -Type DWord -Force
+    Write-Host "  - 재생목록/방송목록 창 숨김 설정" -ForegroundColor Green
+
     # INI 파일 생성 - 주석 없이 작성 (PotPlayer 파싱 호환성)
     $iniContent = @"
 [Settings]

commit 6d237dbdb0e5b1bac2f6142babf47191d0f71966
Author: Zeliper <Zeliper@users.noreply.github.com>
Date:   Thu Jan 8 08:51:05 2026 +0900

    Fix file association by registering ProgId before SetUserFTA
    
    - Honeyview/PotPlayer ProgId를 SetUserFTA 실행 전에 직접 등록
    - winget/설치 프로그램이 ProgId를 자동 등록하지 않는 문제 해결
    - 경쟁 앱 제거 범위 확대 (Photos AppX ProgId 포함)
    - "앱 선택" 팝업이 나타나는 문제 수정
    
    🤖 Generated with [Claude Code](https://claude.com/claude-code)
    
    Co-Authored-By: Claude Opus 4.5 <noreply@anthropic.com>

diff --git a/ps_scripts/006.software_install.ps1 b/ps_scripts/006.software_install.ps1
index 8148e70..601afe8 100644
--- a/ps_scripts/006.software_install.ps1
+++ b/ps_scripts/006.software_install.ps1
@@ -406,15 +406,32 @@ try {
             ".psd", ".xcf", ".jfif", ".jpe", ".dib", ".wdp", ".jxr"
         )
 
-        # 그림판을 이미지 연결 프로그램 목록에서 제거 (선택 창 방지)
+        # Honeyview ProgId 직접 등록 (winget 설치 시 자동 등록 안 될 수 있음)
+        $honeyviewProgId = "Applications\Honeyview.exe"
+        $progIdPath = "HKCU:\SOFTWARE\Classes\$honeyviewProgId"
+        if (-not (Test-Path $progIdPath)) {
+            New-Item -Path "$progIdPath\shell\open\command" -Force | Out-Null
+        }
+        Set-ItemProperty -Path $progIdPath -Name "(Default)" -Value "Honeyview" -Force
+        Set-ItemProperty -Path "$progIdPath\shell\open\command" -Name "(Default)" -Value "`"$honeyviewPath`" `"%1`"" -Force
+        Write-Host "  - Honeyview ProgId 등록됨" -ForegroundColor Green
+
+        # 그림판/사진 앱을 이미지 연결 프로그램 목록에서 제거 (선택 창 방지)
+        $competingProgIds = @(
+            "Applications\mspaint.exe",
+            "PBrush",
+            "AppX43ber05bs42rk24gszv5x6nx8fxs9ke",  # Photos
+            "AppXk0g4vb8gvt7b93tg50ybcy892pge6jmt" # Photos
+        )
         foreach ($ext in $imageExtensions) {
             $fileExtPath = "HKCU:\SOFTWARE\Microsoft\Windows\CurrentVersion\Explorer\FileExts\$ext"
 
-            # OpenWithProgids에서 mspaint 제거
+            # OpenWithProgids에서 경쟁 앱 제거
             $openWithProgids = "$fileExtPath\OpenWithProgids"
             if (Test-Path $openWithProgids) {
-                Remove-ItemProperty -Path $openWithProgids -Name "Applications\mspaint.exe" -ErrorAction SilentlyContinue
-                Remove-ItemProperty -Path $openWithProgids -Name "PBrush" -ErrorAction SilentlyContinue
+                foreach ($progId in $competingProgIds) {
+                    Remove-ItemProperty -Path $openWithProgids -Name $progId -ErrorAction SilentlyContinue
+                }
             }
 
             # OpenWithList에서 mspaint 제거
@@ -422,17 +439,13 @@ try {
             if (Test-Path $openWithList) {
                 $props = Get-ItemProperty -Path $openWithList -ErrorAction SilentlyContinue
                 foreach ($prop in $props.PSObject.Properties) {
-                    if ($prop.Value -like "*mspaint*") {
+                    if ($prop.Value -like "*mspaint*" -or $prop.Value -like "*Photos*") {
                         Remove-ItemProperty -Path $openWithList -Name $prop.Name -ErrorAction SilentlyContinue
                     }
                 }
             }
         }
-        Write-Host "  - 그림판 연결 프로그램 제거됨" -ForegroundColor Green
-
-        # Honeyview 자체 Applications ProgId 사용 (설치 시 자동 등록됨)
-        # 이렇게 하면 "Honeyview" 하나만 표시됨
-        $honeyviewProgId = "Applications\Honeyview.exe"
+        Write-Host "  - 그림판/사진 앱 연결 제거됨" -ForegroundColor Green
 
         # SetUserFTA 병렬 실행
         $jobs = @()
@@ -473,9 +486,15 @@ try {
         # 전체 미디어 확장자
         $mediaExtensions = $videoExtensions + $audioExtensions
 
-        # PotPlayer 자체 Applications ProgId 사용 (설치 시 자동 등록됨)
-        # 이렇게 하면 "팟플레이어 (64비트)" 하나만 표시됨
+        # PotPlayer ProgId 직접 등록 (설치 직후 자동 등록 안 될 수 있음)
         $potPlayerProgId = "Applications\PotPlayerMini64.exe"
+        $progIdPath = "HKCU:\SOFTWARE\Classes\$potPlayerProgId"
+        if (-not (Test-Path $progIdPath)) {
+            New-Item -Path "$progIdPath\shell\open\command" -Force | Out-Null
+        }
+        Set-ItemProperty -Path $progIdPath -Name "(Default)" -Value "PotPlayer 64 bit" -Force
+        Set-ItemProperty -Path "$progIdPath\shell\open\command" -Name "(Default)" -Value "`"$potPlayerPath`" `"%1`"" -Force
+        Write-Host "  - PotPlayer ProgId 등록됨" -ForegroundColor Green
 
         # SetUserFTA 병렬 실행
         $jobs = @()

commit 8f1bc9ceb70396ec483f5d9bd071c53d55e8fd38
Author: Zeliper <dhtmddn12313@naver.com>
Date:   Sun Jan 4 00:42:48 2026 +0900

    Fix PotPlayer duplicate app and shortcut issues
    
    - PotPlayer 레지스트리에 INI 모드 활성화 (UseIni=1) 추가
    - PotPlayer/Honeyview 커스텀 ProgId 생성 제거
    - Applications\*.exe 자체 ProgId 사용으로 기본 앱 중복 해결
    - 단축키 설정이 INI 파일에서 적용되도록 수정
    
    🤖 Generated with [Claude Code](https://claude.com/claude-code)
    
    Co-Authored-By: Claude Opus 4.5 <noreply@anthropic.com>

diff --git a/ps_scripts/006.software_install.ps1 b/ps_scripts/006.software_install.ps1
index 28d8275..f88beda 100644
--- a/ps_scripts/006.software_install.ps1
+++ b/ps_scripts/006.software_install.ps1
@@ -266,9 +266,20 @@ try {
         New-Item -Path $potPlayerConfigDir -ItemType Directory -Force | Out-Null
     }
 
+    # 레지스트리에 INI 모드 활성화 (PotPlayer가 INI 파일 설정을 사용하도록)
+    $potRegPath = "HKCU:\Software\DAUM\PotPlayerMini64"
+    if (!(Test-Path $potRegPath)) {
+        New-Item -Path $potRegPath -Force | Out-Null
+    }
+    # UseIni=1: INI 파일에 설정 저장, CheckAutoUpdate=0: 자동 업데이트 체크 비활성화
+    Set-ItemProperty -Path $potRegPath -Name "UseIni" -Value 1 -Type DWord -Force
+    Set-ItemProperty -Path $potRegPath -Name "CheckAutoUpdate" -Value 0 -Type DWord -Force
+    Write-Host "  - 레지스트리: INI 모드 활성화" -ForegroundColor Green
+
     # INI 파일 생성 - 주석 없이 작성 (PotPlayer 파싱 호환성)
     $iniContent = @"
 [Settings]
+UseIni=1
 CheckAutoUpdate=0
 SkinUseOsc=1
 ShowOSDOnPlayStart=0
@@ -416,46 +427,17 @@ try {
             ".psd", ".xcf", ".jfif", ".jpe", ".dib", ".wdp", ".jxr"
         )
 
-        # Honeyview ProgId 등록 (HKCU\SOFTWARE\Classes 사용)
-        $progIdBase = "Honeyview.AssocFile"
-
-        # 1단계: 모든 ProgId 레지스트리 등록 및 확장자 키 설정
-        foreach ($ext in $imageExtensions) {
-            $extName = $ext.TrimStart(".")
-            $progId = "$progIdBase.$extName"
-            $hkcuClassesPath = "HKCU:\SOFTWARE\Classes\$progId"
-
-            # ProgId 등록
-            if (-not (Test-Path $hkcuClassesPath)) {
-                New-Item -Path $hkcuClassesPath -Force | Out-Null
-                New-Item -Path "$hkcuClassesPath\shell\open\command" -Force | Out-Null
-            }
-            Set-ItemProperty -Path $hkcuClassesPath -Name "(Default)" -Value "Honeyview $extName" -Force
-            Set-ItemProperty -Path "$hkcuClassesPath\shell\open\command" -Name "(Default)" -Value "`"$honeyviewPath`" `"%1`"" -Force
+        # Honeyview 자체 Applications ProgId 사용 (설치 시 자동 등록됨)
+        # 이렇게 하면 "Honeyview" 하나만 표시됨
+        $honeyviewProgId = "Applications\Honeyview.exe"
 
-            # DefaultIcon 추가
-            if (-not (Test-Path "$hkcuClassesPath\DefaultIcon")) {
-                New-Item -Path "$hkcuClassesPath\DefaultIcon" -Force | Out-Null
-            }
-            Set-ItemProperty -Path "$hkcuClassesPath\DefaultIcon" -Name "(Default)" -Value "`"$honeyviewPath`",0" -Force
-
-            # 확장자 키에 직접 ProgId 설정 (SetUserFTA 실패 시 대비)
-            $extKeyPath = "HKCU:\SOFTWARE\Classes\$ext"
-            if (-not (Test-Path $extKeyPath)) {
-                New-Item -Path $extKeyPath -Force | Out-Null
-            }
-            Set-ItemProperty -Path $extKeyPath -Name "(Default)" -Value $progId -Force
-        }
-
-        # 2단계: SetUserFTA 병렬 실행
+        # SetUserFTA 병렬 실행
         $jobs = @()
         foreach ($ext in $imageExtensions) {
-            $extName = $ext.TrimStart(".")
-            $progId = "$progIdBase.$extName"
-            $jobs += Start-Process -FilePath $setUserFtaPath -ArgumentList "$ext $progId" -NoNewWindow -PassThru -ErrorAction SilentlyContinue
+            $jobs += Start-Process -FilePath $setUserFtaPath -ArgumentList "$ext $honeyviewProgId" -NoNewWindow -PassThru -ErrorAction SilentlyContinue
         }
 
-        # 3단계: 모든 작업 완료 대기
+        # 모든 작업 완료 대기
         $jobs | Wait-Process -Timeout 60 -ErrorAction SilentlyContinue
         $setCount = ($jobs | Where-Object { $_.ExitCode -eq 0 }).Count
         Write-Host "  - 이미지 연결 완료: $setCount/$($imageExtensions.Count)개 확장자" -ForegroundColor Green
@@ -468,7 +450,7 @@ try {
     Write-Host "  - 이미지 연결 실패: $_" -ForegroundColor Red
 }
 
-# [18/20] PotPlayer 동영상 파일 연결 (SetUserFTA 병렬 실행)
+# [18/20] PotPlayer 동영상 파일 연결 (SetUserFTA 사용, PotPlayer 자체 ProgId 활용)
 Write-Host "[18/20] PotPlayer 동영상 파일 연결 설정 중..." -ForegroundColor Yellow
 try {
     $potPlayerPath = "${env:ProgramFiles}\DAUM\PotPlayer\PotPlayerMini64.exe"
@@ -479,46 +461,17 @@ try {
             ".m4v", ".mpg", ".mpeg", ".ts", ".3gp", ".m2ts", ".vob"
         )
 
-        # PotPlayer ProgId 등록 (HKCU\SOFTWARE\Classes 사용)
-        $progIdBase = "PotPlayer.AssocFile"
-
-        # 1단계: 모든 ProgId 레지스트리 등록 및 확장자 키 설정
-        foreach ($ext in $videoExtensions) {
-            $extName = $ext.TrimStart(".")
-            $progId = "$progIdBase.$extName"
-            $hkcuClassesPath = "HKCU:\SOFTWARE\Classes\$progId"
-
-            # ProgId 등록
-            if (-not (Test-Path $hkcuClassesPath)) {
-                New-Item -Path $hkcuClassesPath -Force | Out-Null
-                New-Item -Path "$hkcuClassesPath\shell\open\command" -Force | Out-Null
-            }
-            Set-ItemProperty -Path $hkcuClassesPath -Name "(Default)" -Value "PotPlayer $extName" -Force
-            Set-ItemProperty -Path "$hkcuClassesPath\shell\open\command" -Name "(Default)" -Value "`"$potPlayerPath`" `"%1`"" -Force
-
-            # DefaultIcon 추가
-            if (-not (Test-Path "$hkcuClassesPath\DefaultIcon")) {
-                New-Item -Path "$hkcuClassesPath\DefaultIcon" -Force | Out-Null
-            }
-            Set-ItemProperty -Path "$hkcuClassesPath\DefaultIcon" -Name "(Default)" -Value "`"$potPlayerPath`",0" -Force
+        # PotPlayer 자체 Applications ProgId 사용 (설치 시 자동 등록됨)
+        # 이렇게 하면 "팟플레이어 (64비트)" 하나만 표시됨
+        $potPlayerProgId = "Applications\PotPlayerMini64.exe"
 
-            # 확장자 키에 직접 ProgId 설정 (SetUserFTA 실패 시 대비)
-            $extKeyPath = "HKCU:\SOFTWARE\Classes\$ext"
-            if (-not (Test-Path $extKeyPath)) {
-                New-Item -Path $extKeyPath -Force | Out-Null
-            }
-            Set-ItemProperty -Path $extKeyPath -Name "(Default)" -Value $progId -Force
-        }
-
-        # 2단계: SetUserFTA 병렬 실행
+        # SetUserFTA 병렬 실행
         $jobs = @()
         foreach ($ext in $videoExtensions) {
-            $extName = $ext.TrimStart(".")
-            $progId = "$progIdBase.$extName"
-            $jobs += Start-Process -FilePath $setUserFtaPath -ArgumentList "$ext $progId" -NoNewWindow -PassThru -ErrorAction SilentlyContinue
+            $jobs += Start-Process -FilePath $setUserFtaPath -ArgumentList "$ext $potPlayerProgId" -NoNewWindow -PassThru -ErrorAction SilentlyContinue
         }
 
-        # 3단계: 모든 작업 완료 대기
+        # 모든 작업 완료 대기
         $jobs | Wait-Process -Timeout 60 -ErrorAction SilentlyContinue
         $setCount = ($jobs | Where-Object { $_.ExitCode -eq 0 }).Count
         Write-Host "  - 동영상 연결 완료: $setCount/$($videoExtensions.Count)개 확장자" -ForegroundColor Green

commit 56c16045f5c74d200ae3e2f9ddc5a79de7763c1e
Author: Zeliper <dhtmddn12313@naver.com>
Date:   Sun Jan 4 00:18:18 2026 +0900

    Fix folder options privacy settings and improve software install
    
    - 폴더 옵션 개인정보 보호 설정 강화 (그룹 정책 추가)
    - 탐색기 종료 후 레지스트리 설정 및 히스토리 삭제
    - Windows 11 24H2+ ShowRecentList 레지스트리 추가
    - ShareX 업로드 경고 설정 추가
    - PotPlayer INI 파일 BOM 없는 UTF8로 저장
    - Honeyview/PotPlayer 파일 연결 DefaultIcon 및 확장자 키 추가
    
    🤖 Generated with [Claude Code](https://claude.com/claude-code)
    
    Co-Authored-By: Claude Opus 4.5 <noreply@anthropic.com>

diff --git a/ps_scripts/006.software_install.ps1 b/ps_scripts/006.software_install.ps1
index 9d5a4d3..28d8275 100644
--- a/ps_scripts/006.software_install.ps1
+++ b/ps_scripts/006.software_install.ps1
@@ -153,7 +153,9 @@ if ($shareXInstaller -and (Test-Path $shareXInstaller)) {
             New-Item -Path $shareXConfigDir -ItemType Directory -Force | Out-Null
         }
         $config = @{
-            "DisableUploadActions" = $true
+            "DisableUpload" = $true
+            "ShowUploadWarning" = $false
+            "ShowMultiUploadWarning" = $false
             "ShowAfterUploadForm" = $false
         }
         $config | ConvertTo-Json | Set-Content -Path $shareXConfigPath -Encoding UTF8 -Force
@@ -264,35 +266,29 @@ try {
         New-Item -Path $potPlayerConfigDir -ItemType Directory -Force | Out-Null
     }
 
-    # INI 파일 생성 - 설정 저장 모드 활성화, 단축키, OSD 설정
+    # INI 파일 생성 - 주석 없이 작성 (PotPlayer 파싱 호환성)
     $iniContent = @"
 [Settings]
-; 설정을 INI 파일에 저장
 CheckAutoUpdate=0
 SkinUseOsc=1
-; OSD 최소화
 ShowOSDOnPlayStart=0
 ShowOSDOnSeek=0
 ShowOSDMessage=0
-; 컨트롤 바 자동 숨김
 AutoHideControl=1
 AutoHideControlTime=1000
-; 타이틀 바 숨김 (전체화면 아닐 때)
 ShowTitleBar=0
 
 [MainShortCutList]
-; Ctrl+W (W=87, Ctrl modifier=2) -> Exit (10002)
 0=87,2,10002,0
-; Enter (13) -> Fullscreen toggle (10010)
 1=13,0,10010,0
-; Space (32) -> Play/Pause (10014)
 2=32,0,10014,0
-; Escape (27) -> Exit fullscreen or close (10015)
 3=27,0,10015,0
 "@
 
     $iniPath = "$potPlayerConfigDir\PotPlayerMini64.ini"
-    $iniContent | Set-Content -Path $iniPath -Encoding UTF8 -Force
+    # BOM 없는 UTF8로 저장 (PotPlayer 호환성)
+    $utf8NoBom = New-Object System.Text.UTF8Encoding $false
+    [System.IO.File]::WriteAllText($iniPath, $iniContent, $utf8NoBom)
     Write-Host "  - 설정 적용 완료 (단축키: Ctrl+W=종료, Enter=전체화면)" -ForegroundColor Green
     Write-Host "  - OSD 최소화, 컨트롤 바 자동 숨김 설정됨" -ForegroundColor Green
 } catch {
@@ -423,18 +419,32 @@ try {
         # Honeyview ProgId 등록 (HKCU\SOFTWARE\Classes 사용)
         $progIdBase = "Honeyview.AssocFile"
 
-        # 1단계: 모든 ProgId 레지스트리 등록 (먼저 완료)
+        # 1단계: 모든 ProgId 레지스트리 등록 및 확장자 키 설정
         foreach ($ext in $imageExtensions) {
             $extName = $ext.TrimStart(".")
             $progId = "$progIdBase.$extName"
             $hkcuClassesPath = "HKCU:\SOFTWARE\Classes\$progId"
 
+            # ProgId 등록
             if (-not (Test-Path $hkcuClassesPath)) {
                 New-Item -Path $hkcuClassesPath -Force | Out-Null
                 New-Item -Path "$hkcuClassesPath\shell\open\command" -Force | Out-Null
             }
             Set-ItemProperty -Path $hkcuClassesPath -Name "(Default)" -Value "Honeyview $extName" -Force
             Set-ItemProperty -Path "$hkcuClassesPath\shell\open\command" -Name "(Default)" -Value "`"$honeyviewPath`" `"%1`"" -Force
+
+            # DefaultIcon 추가
+            if (-not (Test-Path "$hkcuClassesPath\DefaultIcon")) {
+                New-Item -Path "$hkcuClassesPath\DefaultIcon" -Force | Out-Null
+            }
+            Set-ItemProperty -Path "$hkcuClassesPath\DefaultIcon" -Name "(Default)" -Value "`"$honeyviewPath`",0" -Force
+
+            # 확장자 키에 직접 ProgId 설정 (SetUserFTA 실패 시 대비)
+            $extKeyPath = "HKCU:\SOFTWARE\Classes\$ext"
+            if (-not (Test-Path $extKeyPath)) {
+                New-Item -Path $extKeyPath -Force | Out-Null
+            }
+            Set-ItemProperty -Path $extKeyPath -Name "(Default)" -Value $progId -Force
         }
 
         # 2단계: SetUserFTA 병렬 실행
@@ -472,18 +482,32 @@ try {
         # PotPlayer ProgId 등록 (HKCU\SOFTWARE\Classes 사용)
         $progIdBase = "PotPlayer.AssocFile"
 
-        # 1단계: 모든 ProgId 레지스트리 등록 (먼저 완료)
+        # 1단계: 모든 ProgId 레지스트리 등록 및 확장자 키 설정
         foreach ($ext in $videoExtensions) {
             $extName = $ext.TrimStart(".")
             $progId = "$progIdBase.$extName"
             $hkcuClassesPath = "HKCU:\SOFTWARE\Classes\$progId"
 
+            # ProgId 등록
             if (-not (Test-Path $hkcuClassesPath)) {
                 New-Item -Path $hkcuClassesPath -Force | Out-Null
                 New-Item -Path "$hkcuClassesPath\shell\open\command" -Force | Out-Null
             }
             Set-ItemProperty -Path $hkcuClassesPath -Name "(Default)" -Value "PotPlayer $extName" -Force
             Set-ItemProperty -Path "$hkcuClassesPath\shell\open\command" -Name "(Default)" -Value "`"$potPlayerPath`" `"%1`"" -Force
+
+            # DefaultIcon 추가
+            if (-not (Test-Path "$hkcuClassesPath\DefaultIcon")) {
+                New-Item -Path "$hkcuClassesPath\DefaultIcon" -Force | Out-Null
+            }
+            Set-ItemProperty -Path "$hkcuClassesPath\DefaultIcon" -Name "(Default)" -Value "`"$potPlayerPath`",0" -Force
+
+            # 확장자 키에 직접 ProgId 설정 (SetUserFTA 실패 시 대비)
+            $extKeyPath = "HKCU:\SOFTWARE\Classes\$ext"
+            if (-not (Test-Path $extKeyPath)) {
+                New-Item -Path $extKeyPath -Force | Out-Null
+            }
+            Set-ItemProperty -Path $extKeyPath -Name "(Default)" -Value $progId -Force
         }
 
         # 2단계: SetUserFTA 병렬 실행

commit 2cd7c8ff393494882ae83eb5c5bfcf243cc4c77f
Author: Zeliper <dhtmddn12313@naver.com>
Date:   Sat Jan 3 21:46:20 2026 +0900

    Add PotPlayer auto-installation with custom settings
    
    - PotPlayer 64비트 자동 설치 추가
    - 단축키 설정: Ctrl+W=종료, Enter=전체화면, Space=재생/일시정지
    - OSD 최소화 및 컨트롤 바 자동 숨김 설정
    - 동영상 파일 연결 (mp4, mkv, avi 등 14개 확장자)
    - 자동 업데이트 비활성화
    
    🤖 Generated with [Claude Code](https://claude.com/claude-code)
    
    Co-Authored-By: Claude Opus 4.5 <noreply@anthropic.com>

diff --git a/ps_scripts/006.software_install.ps1 b/ps_scripts/006.software_install.ps1
index 24c815c..4f6a03d 100644
--- a/ps_scripts/006.software_install.ps1
+++ b/ps_scripts/006.software_install.ps1
@@ -1,4 +1,4 @@
-# 필수 소프트웨어 자동 설치 (Notepad++, Chrome, 7-Zip, ShareX, ImageGlass, MSEdgeRedirect)
+# 필수 소프트웨어 자동 설치 (Notepad++, Chrome, 7-Zip, ShareX, ImageGlass, PotPlayer)
 # 관리자 권한으로 실행 필요
 
 #Requires -RunAsAdministrator
@@ -17,15 +17,15 @@ if ($null -eq $global:OrchestrateMode) {
 $ProgressPreference = 'SilentlyContinue'
 
 Write-Host "=== 필수 소프트웨어 자동 설치 ===" -ForegroundColor Cyan
-Write-Host "Notepad++, Chrome, 7-Zip, ShareX, ImageGlass, MSEdgeRedirect를 자동으로 설치합니다." -ForegroundColor White
+Write-Host "Notepad++, Chrome, 7-Zip, ShareX, ImageGlass, PotPlayer를 자동으로 설치합니다." -ForegroundColor White
 Write-Host ""
 
 $tempDir = $env:TEMP
 $successCount = 0
 $failCount = 0
 
-# [1/18] Notepad++ 다운로드
-Write-Host "[1/18] Notepad++ 다운로드 중..." -ForegroundColor Yellow
+# [1/22] Notepad++ 다운로드
+Write-Host "[1/22] Notepad++ 다운로드 중..." -ForegroundColor Yellow
 try {
     $nppRelease = Invoke-RestMethod -Uri "https://api.github.com/repos/notepad-plus-plus/notepad-plus-plus/releases/latest"
     $nppAsset = $nppRelease.assets | Where-Object { $_.name -match "npp.*Installer\.x64\.exe$" } | Select-Object -First 1
@@ -39,8 +39,8 @@ try {
     $failCount++
 }
 
-# [2/18] Notepad++ 설치
-Write-Host "[2/18] Notepad++ 설치 중..." -ForegroundColor Yellow
+# [2/22] Notepad++ 설치
+Write-Host "[2/22] Notepad++ 설치 중..." -ForegroundColor Yellow
 if ($nppInstaller -and (Test-Path $nppInstaller)) {
     try {
         Start-Process -FilePath $nppInstaller -ArgumentList "/S" -Wait -NoNewWindow
@@ -55,8 +55,8 @@ if ($nppInstaller -and (Test-Path $nppInstaller)) {
     Write-Host "  - 건너뜀 (다운로드 실패)" -ForegroundColor Red
 }
 
-# [3/18] Chrome 다운로드
-Write-Host "[3/18] Chrome 다운로드 중..." -ForegroundColor Yellow
+# [3/22] Chrome 다운로드
+Write-Host "[3/22] Chrome 다운로드 중..." -ForegroundColor Yellow
 try {
     $chromeUrl = "https://dl.google.com/dl/chrome/install/googlechromestandaloneenterprise64.msi"
     $chromeInstaller = Join-Path $tempDir "chrome_installer.msi"
@@ -68,8 +68,8 @@ try {
     $failCount++
 }
 
-# [4/18] Chrome 설치
-Write-Host "[4/18] Chrome 설치 중..." -ForegroundColor Yellow
+# [4/22] Chrome 설치
+Write-Host "[4/22] Chrome 설치 중..." -ForegroundColor Yellow
 if ($chromeInstaller -and (Test-Path $chromeInstaller)) {
     try {
         Start-Process msiexec -ArgumentList "/i `"$chromeInstaller`" /qn /norestart" -Wait -NoNewWindow
@@ -92,8 +92,8 @@ if ($chromeInstaller -and (Test-Path $chromeInstaller)) {
     Write-Host "  - 건너뜀 (다운로드 실패)" -ForegroundColor Red
 }
 
-# [5/18] 7-Zip 다운로드
-Write-Host "[5/18] 7-Zip 다운로드 중..." -ForegroundColor Yellow
+# [5/22] 7-Zip 다운로드
+Write-Host "[5/22] 7-Zip 다운로드 중..." -ForegroundColor Yellow
 try {
     $sevenZipUrl = "https://www.7-zip.org/a/7z2408-x64.msi"
     $sevenZipInstaller = Join-Path $tempDir "7zip_installer.msi"
@@ -105,8 +105,8 @@ try {
     $failCount++
 }
 
-# [6/18] 7-Zip 설치
-Write-Host "[6/18] 7-Zip 설치 중..." -ForegroundColor Yellow
+# [6/22] 7-Zip 설치
+Write-Host "[6/22] 7-Zip 설치 중..." -ForegroundColor Yellow
 if ($sevenZipInstaller -and (Test-Path $sevenZipInstaller)) {
     try {
         Start-Process msiexec -ArgumentList "/i `"$sevenZipInstaller`" /qn" -Wait -NoNewWindow
@@ -121,8 +121,8 @@ if ($sevenZipInstaller -and (Test-Path $sevenZipInstaller)) {
     Write-Host "  - 건너뜀 (다운로드 실패)" -ForegroundColor Red
 }
 
-# [7/18] ShareX 다운로드
-Write-Host "[7/18] ShareX 다운로드 중..." -ForegroundColor Yellow
+# [7/22] ShareX 다운로드
+Write-Host "[7/22] ShareX 다운로드 중..." -ForegroundColor Yellow
 try {
     $shareXRelease = Invoke-RestMethod -Uri "https://api.github.com/repos/ShareX/ShareX/releases/latest"
     $shareXAsset = $shareXRelease.assets | Where-Object { $_.name -match "ShareX-.*-setup\.exe$" } | Select-Object -First 1
@@ -136,8 +136,8 @@ try {
     $failCount++
 }
 
-# [8/18] ShareX 설치 (업로드 기능 비활성화)
-Write-Host "[8/18] ShareX 설치 중 (업로드 기능 비활성화)..." -ForegroundColor Yellow
+# [8/22] ShareX 설치 (업로드 기능 비활성화)
+Write-Host "[8/22] ShareX 설치 중 (업로드 기능 비활성화)..." -ForegroundColor Yellow
 if ($shareXInstaller -and (Test-Path $shareXInstaller)) {
     try {
         # ShareX 설치
@@ -166,8 +166,8 @@ if ($shareXInstaller -and (Test-Path $shareXInstaller)) {
     Write-Host "  - 건너뜀 (다운로드 실패)" -ForegroundColor Red
 }
 
-# [9/18] ShareX 컨텍스트 메뉴 제거
-Write-Host "[9/18] ShareX 컨텍스트 메뉴 제거 중..." -ForegroundColor Yellow
+# [9/22] ShareX 컨텍스트 메뉴 제거
+Write-Host "[9/22] ShareX 컨텍스트 메뉴 제거 중..." -ForegroundColor Yellow
 try {
     # ShareX 컨텍스트 메뉴 레지스트리 키 삭제 (모든 파일용)
     $contextMenuPaths = @(
@@ -195,8 +195,8 @@ try {
     Write-Host "  - 컨텍스트 메뉴 제거 실패: $_" -ForegroundColor Red
 }
 
-# [10/18] ShareX 시작 시 트레이 모드 설정
-Write-Host "[10/18] ShareX 시작 프로그램 등록 중..." -ForegroundColor Yellow
+# [10/22] ShareX 시작 시 트레이 모드 설정
+Write-Host "[10/22] ShareX 시작 프로그램 등록 중..." -ForegroundColor Yellow
 try {
     $shareXExe = "${env:ProgramFiles}\ShareX\ShareX.exe"
     if (Test-Path $shareXExe) {
@@ -211,8 +211,8 @@ try {
     Write-Host "  - 시작 프로그램 등록 실패: $_" -ForegroundColor Red
 }
 
-# [11/18] ImageGlass 다운로드
-Write-Host "[11/18] ImageGlass 다운로드 중..." -ForegroundColor Yellow
+# [11/22] ImageGlass 다운로드
+Write-Host "[11/22] ImageGlass 다운로드 중..." -ForegroundColor Yellow
 try {
     $imageGlassRelease = Invoke-RestMethod -Uri "https://api.github.com/repos/d2phap/ImageGlass/releases/latest"
     $imageGlassAsset = $imageGlassRelease.assets | Where-Object { $_.name -match "ImageGlass_.*_x64\.msi$" } | Select-Object -First 1
@@ -226,8 +226,8 @@ try {
     $failCount++
 }
 
-# [12/18] ImageGlass 설치
-Write-Host "[12/18] ImageGlass 설치 중..." -ForegroundColor Yellow
+# [12/22] ImageGlass 설치
+Write-Host "[12/22] ImageGlass 설치 중..." -ForegroundColor Yellow
 if ($imageGlassInstaller -and (Test-Path $imageGlassInstaller)) {
     try {
         Start-Process msiexec -ArgumentList "/i `"$imageGlassInstaller`" /qn /norestart" -Wait -NoNewWindow
@@ -242,8 +242,8 @@ if ($imageGlassInstaller -and (Test-Path $imageGlassInstaller)) {
     Write-Host "  - 건너뜀 (다운로드 실패)" -ForegroundColor Red
 }
 
-# [13/18] ImageGlass 설정 적용
-Write-Host "[13/18] ImageGlass 설정 적용 중..." -ForegroundColor Yellow
+# [13/22] ImageGlass 설정 적용
+Write-Host "[13/22] ImageGlass 설정 적용 중..." -ForegroundColor Yellow
 try {
     $imageGlassConfigDir = "$env:LOCALAPPDATA\ImageGlass"
     if (!(Test-Path $imageGlassConfigDir)) {
@@ -297,8 +297,80 @@ try {
     Write-Host "  - 설정 적용 실패: $_" -ForegroundColor Red
 }
 
-# [14/18] SetUserFTA 다운로드 (파일 연결 도구)
-Write-Host "[14/18] SetUserFTA 다운로드 중..." -ForegroundColor Yellow
+# [14/22] PotPlayer 다운로드
+Write-Host "[14/22] PotPlayer 다운로드 중..." -ForegroundColor Yellow
+try {
+    $potPlayerUrl = "https://t1.kakaocdn.net/potplayer/PotPlayer/Version/Latest/PotPlayerSetup64.exe"
+    $potPlayerInstaller = Join-Path $tempDir "PotPlayerSetup64.exe"
+    Invoke-WebRequest -Uri $potPlayerUrl -OutFile $potPlayerInstaller -UseBasicParsing
+    Write-Host "  - 다운로드 완료" -ForegroundColor Green
+} catch {
+    Write-Host "  - 다운로드 실패: $_" -ForegroundColor Red
+    $potPlayerInstaller = $null
+    $failCount++
+}
+
+# [15/22] PotPlayer 설치
+Write-Host "[15/22] PotPlayer 설치 중..." -ForegroundColor Yellow
+if ($potPlayerInstaller -and (Test-Path $potPlayerInstaller)) {
+    try {
+        Start-Process -FilePath $potPlayerInstaller -ArgumentList "/S" -Wait -NoNewWindow
+        Remove-Item $potPlayerInstaller -Force -ErrorAction SilentlyContinue
+        Write-Host "  - 설치 완료" -ForegroundColor Green
+        $successCount++
+    } catch {
+        Write-Host "  - 설치 실패: $_" -ForegroundColor Red
+        $failCount++
+    }
+} else {
+    Write-Host "  - 건너뜀 (다운로드 실패)" -ForegroundColor Red
+}
+
+# [16/22] PotPlayer 설정 적용
+Write-Host "[16/22] PotPlayer 설정 적용 중..." -ForegroundColor Yellow
+try {
+    $potPlayerConfigDir = "$env:APPDATA\PotPlayerMini64"
+    if (!(Test-Path $potPlayerConfigDir)) {
+        New-Item -Path $potPlayerConfigDir -ItemType Directory -Force | Out-Null
+    }
+
+    # INI 파일 생성 - 설정 저장 모드 활성화, 단축키, OSD 설정
+    $iniContent = @"
+[Settings]
+; 설정을 INI 파일에 저장
+CheckAutoUpdate=0
+SkinUseOsc=1
+; OSD 최소화
+ShowOSDOnPlayStart=0
+ShowOSDOnSeek=0
+ShowOSDMessage=0
+; 컨트롤 바 자동 숨김
+AutoHideControl=1
+AutoHideControlTime=1000
+; 타이틀 바 숨김 (전체화면 아닐 때)
+ShowTitleBar=0
+
+[MainShortCutList]
+; Ctrl+W (W=87, Ctrl modifier=2) -> Exit (10002)
+0=87,2,10002,0
+; Enter (13) -> Fullscreen toggle (10010)
+1=13,0,10010,0
+; Space (32) -> Play/Pause (10014)
+2=32,0,10014,0
+; Escape (27) -> Exit fullscreen or close (10015)
+3=27,0,10015,0
+"@
+
+    $iniPath = "$potPlayerConfigDir\PotPlayerMini64.ini"
+    $iniContent | Set-Content -Path $iniPath -Encoding UTF8 -Force
+    Write-Host "  - 설정 적용 완료 (단축키: Ctrl+W=종료, Enter=전체화면)" -ForegroundColor Green
+    Write-Host "  - OSD 최소화, 컨트롤 바 자동 숨김 설정됨" -ForegroundColor Green
+} catch {
+    Write-Host "  - 설정 적용 실패: $_" -ForegroundColor Red
+}
+
+# [17/22] SetUserFTA 다운로드 (파일 연결 도구)
+Write-Host "[17/22] SetUserFTA 다운로드 중..." -ForegroundColor Yellow
 $setUserFtaPath = Join-Path $tempDir "SetUserFTA.exe"
 $downloaded = $false
 
@@ -339,8 +411,8 @@ if (-not $downloaded) {
     $setUserFtaPath = $null
 }
 
-# [15/18] Notepad++ 파일 연결 설정 (SetUserFTA 사용)
-Write-Host "[15/18] Notepad++ 파일 연결 설정 중..." -ForegroundColor Yellow
+# [18/22] Notepad++ 파일 연결 설정 (SetUserFTA 사용)
+Write-Host "[18/22] Notepad++ 파일 연결 설정 중..." -ForegroundColor Yellow
 try {
     $nppPath = "${env:ProgramFiles}\Notepad++\notepad++.exe"
     if ((Test-Path $nppPath) -and $setUserFtaPath -and (Test-Path $setUserFtaPath)) {
@@ -379,8 +451,8 @@ try {
     Write-Host "  - 파일 연결 실패: $_" -ForegroundColor Red
 }
 
-# [16/18] ImageGlass 이미지 파일 연결 설정 (SetUserFTA 사용)
-Write-Host "[16/18] ImageGlass 이미지 파일 연결 설정 중..." -ForegroundColor Yellow
+# [19/22] ImageGlass 이미지 파일 연결 설정 (SetUserFTA 사용)
+Write-Host "[19/22] ImageGlass 이미지 파일 연결 설정 중..." -ForegroundColor Yellow
 try {
     $imageGlassPath = "${env:ProgramFiles}\ImageGlass\ImageGlass.exe"
     if ((Test-Path $imageGlassPath) -and $setUserFtaPath -and (Test-Path $setUserFtaPath)) {
@@ -423,8 +495,50 @@ try {
     Write-Host "  - 이미지 연결 실패: $_" -ForegroundColor Red
 }
 
-# [17/18] Chrome 기본 브라우저 설정 (SetUserFTA 사용)
-Write-Host "[17/18] Chrome 기본 브라우저 설정 중..." -ForegroundColor Yellow
+# [20/22] PotPlayer 동영상 파일 연결 (SetUserFTA 사용)
+Write-Host "[20/22] PotPlayer 동영상 파일 연결 설정 중..." -ForegroundColor Yellow
+try {
+    $potPlayerPath = "${env:ProgramFiles}\DAUM\PotPlayer\PotPlayerMini64.exe"
+    if ((Test-Path $potPlayerPath) -and $setUserFtaPath -and (Test-Path $setUserFtaPath)) {
+        # 동영상 확장자 목록
+        $videoExtensions = @(
+            ".mp4", ".mkv", ".avi", ".mov", ".wmv", ".flv", ".webm",
+            ".m4v", ".mpg", ".mpeg", ".ts", ".3gp", ".m2ts", ".vob"
+        )
+
+        # PotPlayer ProgId 등록 (HKCU\SOFTWARE\Classes 사용)
+        $progIdBase = "PotPlayer.AssocFile"
+        $setCount = 0
+
+        foreach ($ext in $videoExtensions) {
+            $extName = $ext.TrimStart(".")
+            $progId = "$progIdBase.$extName"
+            $hkcuClassesPath = "HKCU:\SOFTWARE\Classes\$progId"
+
+            # ProgId 등록 (HKCU에 생성)
+            if (-not (Test-Path $hkcuClassesPath)) {
+                New-Item -Path $hkcuClassesPath -Force | Out-Null
+                New-Item -Path "$hkcuClassesPath\shell\open\command" -Force | Out-Null
+            }
+            Set-ItemProperty -Path $hkcuClassesPath -Name "(Default)" -Value "PotPlayer $extName" -Force
+            Set-ItemProperty -Path "$hkcuClassesPath\shell\open\command" -Name "(Default)" -Value "`"$potPlayerPath`" `"%1`"" -Force
+
+            # SetUserFTA로 연결
+            $result = Start-Process -FilePath $setUserFtaPath -ArgumentList "$ext $progId" -Wait -NoNewWindow -PassThru -ErrorAction SilentlyContinue
+            if ($result.ExitCode -eq 0) { $setCount++ }
+        }
+        Write-Host "  - 동영상 연결 완료: $setCount/$($videoExtensions.Count)개 확장자" -ForegroundColor Green
+    } elseif (!(Test-Path $potPlayerPath)) {
+        Write-Host "  - 건너뜀 (PotPlayer 설치 경로 없음)" -ForegroundColor Red
+    } else {
+        Write-Host "  - 건너뜀 (SetUserFTA 없음)" -ForegroundColor Red
+    }
+} catch {
+    Write-Host "  - 동영상 연결 실패: $_" -ForegroundColor Red
+}
+
+# [21/22] Chrome 기본 브라우저 설정 (SetUserFTA 사용)
+Write-Host "[21/22] Chrome 기본 브라우저 설정 중..." -ForegroundColor Yellow
 try {
     $chromePath = "${env:ProgramFiles}\Google\Chrome\Application\chrome.exe"
     if ((Test-Path $chromePath) -and $setUserFtaPath -and (Test-Path $setUserFtaPath)) {
@@ -464,8 +578,8 @@ try {
     Write-Host "  - 기본 브라우저 설정 실패: $_" -ForegroundColor Red
 }
 
-# [18/18] Windows 배경화면 기본 설정 (Spotlight 제거)
-Write-Host "[18/18] Windows 배경화면 기본 설정 중..." -ForegroundColor Yellow
+# [22/22] Windows 배경화면 기본 설정 (Spotlight 제거)
+Write-Host "[22/22] Windows 배경화면 기본 설정 중..." -ForegroundColor Yellow
 try {
     # 기본 Windows 배경화면 경로
     $defaultWallpaper = "C:\Windows\Web\Wallpaper\Windows\img0.jpg"
